team,ladder_points,points_for,points_against,points_diff,season,round,ladder_position,comp
Broncos,2,17,4,13,2016,1,4,NRL
Broncos,4,42,14,28,2016,2,2,NRL
Broncos,4,64,37,27,2016,3,5,NRL
Broncos,6,85,57,28,2016,4,2,NRL
Broncos,8,109,73,36,2016,5,1,NRL
Broncos,10,135,73,62,2016,6,1,NRL
Broncos,12,188,73,115,2016,7,1,NRL
Broncos,14,218,81,137,2016,8,1,NRL
Broncos,14,246,111,135,2016,9,2,NRL
Broncos,2,26,18,8,2017,1,5,NRL
Broncos,2,46,39,7,2017,2,7,NRL
Broncos,2,58,53,5,2017,3,9,NRL
Broncos,4,71,65,6,2017,4,8,NRL
Broncos,4,78,75,3,2017,5,9,NRL
Broncos,6,110,83,27,2017,6,7,NRL
Broncos,8,134,105,29,2017,7,6,NRL
Broncos,10,159,129,30,2017,8,5,NRL
Broncos,12,191,147,44,2017,9,4,NRL
Broncos,0,12,34,-22,2018,1,16,NRL
Broncos,2,36,54,-18,2018,2,11,NRL
Broncos,4,45,61,-16,2018,3,7,NRL
Broncos,4,59,87,-28,2018,4,10,NRL
Broncos,4,69,102,-33,2018,5,12,NRL
Broncos,6,96,120,-24,2018,6,8,NRL
Broncos,6,116,154,-38,2018,7,10,NRL
Broncos,8,140,174,-34,2018,8,10,NRL
Broncos,10,162,194,-32,2018,9,9,NRL
Broncos,0,12,22,-10,2019,1,12,NRL
Broncos,2,41,32,9,2019,2,6,NRL
Broncos,2,65,57,8,2019,3,9,NRL
Broncos,2,69,93,-24,2019,4,13,NRL
Broncos,2,85,115,-30,2019,5,13,NRL
Broncos,2,107,141,-34,2019,6,14,NRL
Broncos,4,136,147,-11,2019,7,10,NRL
Broncos,4,142,185,-43,2019,8,13,NRL
Broncos,6,168,195,-27,2019,9,11,NRL
Broncos,2,28,21,7,2020,1,5,NRL
Broncos,4,50,39,11,2020,2,5,NRL
Broncos,4,56,73,-17,2020,3,9,NRL
Broncos,4,56,132,-76,2020,4,10,NRL
Broncos,4,74,152,-78,2020,5,12,NRL
Broncos,4,80,179,-99,2020,6,14,NRL
Broncos,4,92,209,-117,2020,7,15,NRL
Broncos,4,108,235,-127,2020,8,14,NRL
Broncos,6,134,243,-109,2020,9,14,NRL
Broncos,0,16,24,-8,2021,1,10,NRL
Broncos,0,32,52,-20,2021,2,12,NRL
Broncos,2,56,52,4,2021,3,10,NRL
Broncos,2,62,92,-30,2021,4,12,NRL
Broncos,2,68,127,-59,2021,5,12,NRL
Broncos,2,80,147,-67,2021,6,14,NRL
Broncos,2,86,193,-107,2021,7,15,NRL
Broncos,4,122,221,-99,2021,8,15,NRL
Broncos,4,140,240,-100,2021,9,14,NRL
Broncos,2,11,4,7,2022,1,5,NRL
Broncos,4,27,14,13,2022,2,3,NRL
Broncos,4,39,52,-13,2022,3,8,NRL
Broncos,4,45,72,-27,2022,4,11,NRL
Broncos,4,65,96,-31,2022,5,12,NRL
Broncos,4,77,136,-59,2022,6,14,NRL
Broncos,6,111,150,-39,2022,7,9,NRL
Broncos,8,127,157,-30,2022,8,9,NRL
Broncos,10,159,169,-10,2022,9,8,NRL
Broncos,2,13,12,1,2023,1,7,NRL
Broncos,4,41,28,13,2023,2,4,NRL
Broncos,6,81,46,35,2023,3,1,NRL
Broncos,8,99,58,41,2023,4,1,NRL
Broncos,10,145,70,75,2023,5,1,NRL
Broncos,10,159,90,69,2023,6,1,NRL
Broncos,12,202,116,86,2023,7,1,NRL
Broncos,14,228,132,96,2023,8,1,NRL
Broncos,14,234,164,70,2023,9,1,NRL
Broncos,0,10,20,-10,2024,1,12,NRL
Broncos,2,38,38,0,2024,2,9,NRL
Broncos,2,50,72,-22,2024,3,14,NRL
Broncos,4,88,84,4,2024,4,12,NRL
Broncos,4,120,118,2,2024,5,11,NRL
Broncos,6,148,132,16,2024,6,10,NRL
Broncos,8,182,142,40,2024,7,6,NRL
Broncos,10,216,152,64,2024,8,5,NRL
Broncos,10,234,192,42,2024,9,7,NRL
Broncos,2,50,14,36,2025,1,2,NRL
Broncos,2,72,46,26,2025,2,6,NRL
Broncos,4,98,62,36,2025,3,8,NRL
Broncos,6,118,74,44,2025,4,3,NRL
Broncos,8,164,98,66,2025,5,2,NRL
Broncos,8,180,124,56,2025,6,3,NRL
Broncos,8,198,144,54,2025,7,5,NRL
Broncos,10,240,162,78,2025,8,5,NRL
Broncos,10,248,194,54,2025,9,5,NRL
Broncos,0,0,26,-26,2026,1,15,NRL
Broncos,0,32,66,-34,2026,2,15,NRL
Broncos,2,50,80,-30,2026,3,13,NRL
Broncos,4,76,92,-16,2026,4,10,NRL
Broncos,6,102,104,-2,2026,5,8,NRL
Broncos,6,133,139,-6,2026,6,11,NRL
Broncos,8,154,159,-5,2026,7,9,NRL
Broncos,8,154,159,-5,2026,8,9,NRL
Broncos,8,154,159,-5,2026,9,9,NRL
Broncos,10,214,241,-27,2026,10,11,NRL
Broncos,10,226,283,-57,2026,11,11,NRL
Broncos,12,226,283,-57,2026,12,11,NRL
Bulldogs,2,28,6,22,2016,1,2,NRL
Bulldogs,4,46,22,24,2016,2,3,NRL
Bulldogs,4,52,42,10,2016,3,7,NRL
Bulldogs,6,94,54,40,2016,4,1,NRL
Bulldogs,6,102,76,26,2016,5,7,NRL
Bulldogs,8,120,88,32,2016,6,5,NRL
Bulldogs,8,140,112,28,2016,7,6,NRL
Bulldogs,10,161,132,29,2016,8,6,NRL
Bulldogs,10,173,152,21,2016,9,5,NRL
Bulldogs,0,6,12,-6,2017,1,11,NRL
Bulldogs,0,30,40,-10,2017,2,13,NRL
Bulldogs,2,54,52,2,2017,3,10,NRL
Bulldogs,2,54,88,-34,2017,4,13,NRL
Bulldogs,4,64,95,-31,2017,5,12,NRL
Bulldogs,6,86,107,-21,2017,6,11,NRL
Bulldogs,8,110,116,-6,2017,7,7,NRL
Bulldogs,8,122,134,-12,2017,8,9,NRL
Bulldogs,10,138,144,-6,2017,9,8,NRL
Bulldogs,0,18,36,-18,2018,1,15,NRL
Bulldogs,0,30,66,-36,2018,2,15,NRL
Bulldogs,2,50,84,-34,2018,3,13,NRL
Bulldogs,2,66,104,-38,2018,4,14,NRL
Bulldogs,2,76,130,-54,2018,5,15,NRL
Bulldogs,4,103,140,-37,2018,6,14,NRL
Bulldogs,4,103,146,-43,2018,7,14,NRL
Bulldogs,4,117,168,-51,2018,8,14,NRL
Bulldogs,4,137,190,-53,2018,9,15,NRL
Bulldogs,0,6,40,-34,2019,1,16,NRL
Bulldogs,0,22,76,-54,2019,2,16,NRL
Bulldogs,2,44,84,-40,2019,3,15,NRL
Bulldogs,2,60,102,-42,2019,4,14,NRL
Bulldogs,2,64,142,-78,2019,5,16,NRL
Bulldogs,2,70,156,-86,2019,6,16,NRL
Bulldogs,4,94,168,-74,2019,7,16,NRL
Bulldogs,4,104,186,-82,2019,8,16,NRL
Bulldogs,4,114,208,-94,2019,9,16,NRL
Bulldogs,0,2,8,-6,2020,1,11,NRL
Bulldogs,0,18,32,-14,2020,2,14,NRL
Bulldogs,0,24,64,-40,2020,3,15,NRL
Bulldogs,2,46,66,-20,2020,4,12,NRL
Bulldogs,2,52,108,-56,2020,5,15,NRL
Bulldogs,2,70,128,-58,2020,6,15,NRL
Bulldogs,2,76,162,-86,2020,7,16,NRL
Bulldogs,2,86,188,-102,2020,8,16,NRL
Bulldogs,2,94,214,-120,2020,9,16,NRL
Bulldogs,0,16,32,-16,2021,1,13,NRL
Bulldogs,0,16,60,-44,2021,2,14,NRL
Bulldogs,0,16,84,-68,2021,3,15,NRL
Bulldogs,0,16,122,-106,2021,4,15,NRL
Bulldogs,0,34,174,-140,2021,5,16,NRL
Bulldogs,0,52,204,-152,2021,6,16,NRL
Bulldogs,2,70,216,-146,2021,7,16,NRL
Bulldogs,2,80,248,-168,2021,8,16,NRL
Bulldogs,2,92,280,-188,2021,9,16,NRL
Bulldogs,2,6,4,2,2022,1,8,NRL
Bulldogs,2,16,20,-4,2022,2,11,NRL
Bulldogs,2,28,33,-5,2022,3,11,NRL
Bulldogs,2,28,77,-49,2022,4,14,NRL
Bulldogs,2,40,109,-69,2022,5,15,NRL
Bulldogs,2,56,145,-89,2022,6,16,NRL
Bulldogs,2,70,179,-109,2022,7,16,NRL
Bulldogs,4,86,191,-105,2022,8,15,NRL
Bulldogs,4,90,205,-115,2022,9,15,NRL
Bulldogs,0,6,31,-25,2023,1,17,NRL
Bulldogs,2,32,43,-11,2023,2,14,NRL
Bulldogs,4,58,65,-7,2023,3,8,NRL
Bulldogs,4,72,81,-9,2023,4,10,NRL
Bulldogs,6,87,95,-8,2023,5,8,NRL
Bulldogs,6,103,145,-42,2023,6,13,NRL
Bulldogs,6,107,175,-68,2023,7,15,NRL
Bulldogs,6,127,208,-81,2023,8,16,NRL
Bulldogs,8,145,224,-79,2023,9,13,NRL
Bulldogs,0,8,26,-18,2024,1,15,NRL
Bulldogs,0,14,51,-37,2024,2,17,NRL
Bulldogs,2,46,51,-5,2024,3,12,NRL
Bulldogs,2,62,71,-9,2024,4,14,NRL
Bulldogs,4,92,97,-5,2024,5,13,NRL
Bulldogs,4,106,113,-7,2024,6,15,NRL
Bulldogs,6,142,125,17,2024,7,12,NRL
Bulldogs,8,142,125,17,2024,8,8,NRL
Bulldogs,10,164,139,25,2024,9,8,NRL
Bulldogs,2,28,20,8,2025,1,5,NRL
Bulldogs,4,68,44,24,2025,2,3,NRL
Bulldogs,6,84,52,32,2025,3,2,NRL
Bulldogs,8,104,58,46,2025,4,1,NRL
Bulldogs,10,124,58,66,2025,5,1,NRL
Bulldogs,12,124,58,66,2025,6,1,NRL
Bulldogs,14,156,58,98,2025,7,1,NRL
Bulldogs,14,174,100,74,2025,8,1,NRL
Bulldogs,16,212,118,94,2025,9,1,NRL
Bulldogs,2,15,14,1,2026,1,7,NRL
Bulldogs,4,15,14,1,2026,2,6,NRL
Bulldogs,6,29,24,5,2026,3,3,NRL
Bulldogs,6,45,48,-3,2026,4,6,NRL
Bulldogs,6,69,80,-11,2026,5,9,NRL
Bulldogs,8,101,96,5,2026,6,7,NRL
Bulldogs,8,121,134,-13,2026,7,10,NRL
Bulldogs,8,121,134,-13,2026,8,10,NRL
Bulldogs,8,121,134,-13,2026,9,10,NRL
Bulldogs,8,157,238,-81,2026,10,13,NRL
Bulldogs,8,173,276,-103,2026,11,14,NRL
Bulldogs,10,203,296,-93,2026,12,13,NRL
Cowboys,2,20,14,6,2016,1,7,NRL
Cowboys,2,36,34,2,2016,2,8,NRL
Cowboys,4,76,34,42,2016,3,4,NRL
Cowboys,4,96,55,41,2016,4,8,NRL
Cowboys,6,132,55,77,2016,5,4,NRL
Cowboys,8,155,73,82,2016,6,2,NRL
Cowboys,10,199,91,108,2016,7,2,NRL
Cowboys,12,231,107,124,2016,8,2,NRL
Cowboys,14,265,125,140,2016,9,1,NRL
Cowboys,2,20,16,4,2017,1,7,NRL
Cowboys,4,41,36,5,2017,2,4,NRL
Cowboys,4,49,66,-17,2017,3,6,NRL
Cowboys,6,81,92,-11,2017,4,4,NRL
Cowboys,8,101,98,3,2017,5,4,NRL
Cowboys,8,117,124,-7,2017,6,5,NRL
Cowboys,8,139,152,-13,2017,7,8,NRL
Cowboys,10,163,164,-1,2017,8,6,NRL
Cowboys,10,169,190,-21,2017,9,9,NRL
Cowboys,2,20,14,6,2018,1,5,NRL
Cowboys,2,40,38,2,2018,2,9,NRL
Cowboys,2,54,68,-14,2018,3,12,NRL
Cowboys,2,68,101,-33,2018,4,13,NRL
Cowboys,2,80,123,-43,2018,5,14,NRL
Cowboys,2,90,150,-60,2018,6,15,NRL
Cowboys,4,116,164,-48,2018,7,15,NRL
Cowboys,4,124,182,-58,2018,8,15,NRL
Cowboys,6,150,202,-52,2018,9,12,NRL
Cowboys,2,24,12,12,2019,1,4,NRL
Cowboys,2,34,41,-7,2019,2,12,NRL
Cowboys,2,50,83,-33,2019,3,13,NRL
Cowboys,2,62,113,-51,2019,4,15,NRL
Cowboys,2,74,131,-57,2019,5,15,NRL
Cowboys,4,91,141,-50,2019,6,13,NRL
Cowboys,4,103,165,-62,2019,7,15,NRL
Cowboys,6,131,179,-48,2019,8,11,NRL
Cowboys,6,147,211,-64,2019,9,13,NRL
Cowboys,0,21,28,-7,2020,1,12,NRL
Cowboys,2,45,44,1,2020,2,7,NRL
Cowboys,4,81,50,31,2020,3,5,NRL
Cowboys,4,97,76,21,2020,4,7,NRL
Cowboys,4,123,113,10,2020,5,8,NRL
Cowboys,4,143,149,-6,2020,6,10,NRL
Cowboys,6,175,169,6,2020,7,10,NRL
Cowboys,6,179,211,-32,2020,8,11,NRL
Cowboys,6,195,253,-58,2020,9,12,NRL
Cowboys,0,0,24,-24,2021,1,15,NRL
Cowboys,0,18,49,-31,2021,2,13,NRL
Cowboys,0,26,93,-67,2021,3,14,NRL
Cowboys,0,36,141,-105,2021,4,14,NRL
Cowboys,2,70,171,-101,2021,5,14,NRL
Cowboys,4,100,189,-89,2021,6,13,NRL
Cowboys,6,126,213,-87,2021,7,12,NRL
Cowboys,6,146,237,-91,2021,8,12,NRL
Cowboys,8,165,255,-90,2021,9,11,NRL
Cowboys,0,4,6,-2,2022,1,9,NRL
Cowboys,2,30,12,18,2022,2,5,NRL
Cowboys,4,68,24,44,2022,3,2,NRL
Cowboys,4,72,52,20,2022,4,5,NRL
Cowboys,4,96,77,19,2022,5,8,NRL
Cowboys,6,114,89,25,2022,6,7,NRL
Cowboys,8,144,93,51,2022,7,5,NRL
Cowboys,10,179,97,82,2022,8,3,NRL
Cowboys,12,215,113,102,2022,9,3,NRL
Cowboys,2,19,18,1,2023,1,8,NRL
Cowboys,2,35,46,-11,2023,2,13,NRL
Cowboys,2,47,72,-25,2023,3,15,NRL
Cowboys,4,71,84,-13,2023,4,13,NRL
Cowboys,4,85,99,-14,2023,5,14,NRL
Cowboys,4,107,131,-24,2023,6,15,NRL
Cowboys,4,121,153,-32,2023,7,16,NRL
Cowboys,6,139,169,-30,2023,8,15,NRL
Cowboys,6,145,213,-68,2023,9,16,NRL
Cowboys,2,43,18,25,2024,1,1,NRL
Cowboys,4,64,38,26,2024,2,2,NRL
Cowboys,6,110,62,48,2024,3,1,NRL
Cowboys,6,122,100,22,2024,4,3,NRL
Cowboys,8,157,122,35,2024,5,2,NRL
Cowboys,8,177,149,28,2024,6,4,NRL
Cowboys,8,183,191,-8,2024,7,8,NRL
Cowboys,8,203,217,-14,2024,8,9,NRL
Cowboys,8,229,245,-16,2024,9,10,NRL
Cowboys,0,12,42,-30,2025,1,15,NRL
Cowboys,0,24,78,-54,2025,2,16,NRL
Cowboys,0,40,104,-64,2025,3,16,NRL
Cowboys,2,70,124,-54,2025,4,14,NRL
Cowboys,4,92,142,-50,2025,5,13,NRL
Cowboys,6,116,158,-42,2025,6,13,NRL
Cowboys,8,116,158,-42,2025,7,9,NRL
Cowboys,10,166,176,-10,2025,8,6,NRL
Cowboys,10,192,206,-14,2025,9,9,NRL
Cowboys,0,18,28,-10,2026,1,13,NRL
Cowboys,0,34,72,-38,2026,2,16,NRL
Cowboys,2,64,88,-24,2026,3,12,NRL
Cowboys,4,92,112,-20,2026,4,11,NRL
Cowboys,6,124,112,12,2026,5,7,NRL
Cowboys,8,159,143,16,2026,6,4,NRL
Cowboys,8,165,181,-16,2026,7,11,NRL
Cowboys,8,165,181,-16,2026,8,11,NRL
Cowboys,8,165,181,-16,2026,9,11,NRL
Cowboys,12,269,260,9,2026,10,7,NRL
Cowboys,14,287,272,15,2026,11,7,NRL
Cowboys,16,317,290,27,2026,12,6,NRL
Dolphins,2,28,18,10,2023,1,3,NRL
Dolphins,4,48,32,16,2023,2,2,NRL
Dolphins,6,84,52,32,2023,3,2,NRL
Dolphins,6,96,70,26,2023,4,3,NRL
Dolphins,6,108,108,0,2023,5,7,NRL
Dolphins,8,140,130,10,2023,6,4,NRL
Dolphins,8,154,166,-12,2023,7,8,NRL
Dolphins,10,182,192,-10,2023,8,8,NRL
Dolphins,10,212,223,-11,2023,9,9,NRL
Dolphins,0,18,43,-25,2024,1,17,NRL
Dolphins,2,56,43,13,2024,2,6,NRL
Dolphins,4,56,43,13,2024,3,7,NRL
Dolphins,6,86,57,29,2024,4,1,NRL
Dolphins,8,112,73,39,2024,5,1,NRL
Dolphins,8,126,101,25,2024,6,5,NRL
Dolphins,10,170,117,53,2024,7,3,NRL
Dolphins,10,184,135,49,2024,8,6,NRL
Dolphins,12,212,161,51,2024,9,4,NRL
Dolphins,0,14,16,-2,2025,1,10,NRL
Dolphins,0,26,42,-16,2025,2,15,NRL
Dolphins,0,44,72,-28,2025,3,15,NRL
Dolphins,0,56,92,-36,2025,4,16,NRL
Dolphins,2,92,102,-10,2025,5,14,NRL
Dolphins,4,122,114,8,2025,6,14,NRL
Dolphins,6,164,136,28,2025,7,10,NRL
Dolphins,6,192,176,16,2025,8,12,NRL
Dolphins,6,218,212,6,2025,9,14,NRL
Dolphins,0,30,40,-10,2026,1,12,NRL
Dolphins,2,48,54,-6,2026,2,9,NRL
Dolphins,4,86,64,22,2026,3,6,NRL
Dolphins,4,98,90,8,2026,4,8,NRL
Dolphins,4,116,142,-26,2026,5,13,NRL
Dolphins,6,116,142,-26,2026,6,12,NRL
Dolphins,6,138,165,-27,2026,7,12,NRL
Dolphins,6,138,165,-27,2026,8,12,NRL
Dolphins,6,138,165,-27,2026,9,12,NRL
Dolphins,10,228,207,21,2026,10,9,NRL
Dolphins,12,260,217,43,2026,11,8,NRL
Dolphins,14,290,239,51,2026,12,8,NRL
Dragons,0,16,18,-2,2016,1,9,NRL
Dragons,0,18,48,-30,2016,2,13,NRL
Dragons,2,26,54,-28,2016,3,13,NRL
Dragons,4,40,66,-26,2016,4,12,NRL
Dragons,4,40,102,-62,2016,5,14,NRL
Dragons,4,40,128,-88,2016,6,14,NRL
Dragons,6,59,142,-83,2016,7,13,NRL
Dragons,8,79,160,-81,2016,8,9,NRL
Dragons,8,89,186,-97,2016,9,10,NRL
Dragons,2,42,10,32,2017,1,1,NRL
Dragons,2,58,44,14,2017,2,6,NRL
Dragons,4,74,54,20,2017,3,3,NRL
Dragons,6,100,66,34,2017,4,3,NRL
Dragons,8,128,72,56,2017,5,2,NRL
Dragons,10,163,82,81,2017,6,1,NRL
Dragons,12,191,104,87,2017,7,1,NRL
Dragons,12,203,117,86,2017,8,2,NRL
Dragons,12,225,151,74,2017,9,2,NRL
Dragons,2,34,12,22,2018,1,1,NRL
Dragons,4,54,28,26,2018,2,1,NRL
Dragons,6,108,36,72,2018,3,1,NRL
Dragons,8,138,48,90,2018,4,1,NRL
Dragons,10,154,60,94,2018,5,1,NRL
Dragons,12,194,80,114,2018,6,1,NRL
Dragons,12,206,100,106,2018,7,1,NRL
Dragons,14,230,108,122,2018,8,1,NRL
Dragons,16,264,122,142,2018,9,1,NRL
Dragons,0,12,24,-12,2019,1,13,NRL
Dragons,0,30,58,-28,2019,2,14,NRL
Dragons,2,55,82,-27,2019,3,11,NRL
Dragons,4,68,94,-26,2019,4,10,NRL
Dragons,6,108,98,10,2019,5,7,NRL
Dragons,8,120,108,12,2019,6,6,NRL
Dragons,8,130,128,2,2019,7,8,NRL
Dragons,8,148,160,-12,2019,8,8,NRL
Dragons,8,166,186,-20,2019,9,10,NRL
Dragons,0,14,24,-10,2020,1,13,NRL
Dragons,0,42,56,-14,2020,2,13,NRL
Dragons,0,42,74,-32,2020,3,14,NRL
Dragons,0,44,96,-52,2020,4,16,NRL
Dragons,2,74,112,-38,2020,5,14,NRL
Dragons,4,94,120,-26,2020,6,12,NRL
Dragons,4,106,146,-40,2020,7,12,NRL
Dragons,4,122,168,-46,2020,8,13,NRL
Dragons,6,156,172,-16,2020,9,11,NRL
Dragons,0,18,32,-14,2021,1,12,NRL
Dragons,2,43,50,-7,2021,2,11,NRL
Dragons,4,81,62,19,2021,3,5,NRL
Dragons,6,103,75,28,2021,4,6,NRL
Dragons,8,129,87,42,2021,5,4,NRL
Dragons,8,143,107,36,2021,6,6,NRL
Dragons,8,153,141,12,2021,7,6,NRL
Dragons,8,161,157,4,2021,8,6,NRL
Dragons,10,193,169,24,2021,9,6,NRL
Dragons,2,28,16,12,2022,1,3,NRL
Dragons,2,44,36,8,2022,2,6,NRL
Dragons,2,56,72,-16,2022,3,14,NRL
Dragons,2,70,120,-50,2022,4,15,NRL
Dragons,2,82,144,-62,2022,5,14,NRL
Dragons,4,103,160,-57,2022,6,13,NRL
Dragons,6,117,172,-55,2022,7,10,NRL
Dragons,8,129,178,-49,2022,8,10,NRL
Dragons,8,135,220,-85,2022,9,11,NRL
Dragons,2,0,0,0,2023,1,9,NRL
Dragons,4,32,18,14,2023,2,3,NRL
Dragons,4,50,58,-8,2023,3,9,NRL
Dragons,4,58,98,-40,2023,4,14,NRL
Dragons,6,96,110,-14,2023,5,10,NRL
Dragons,6,114,130,-16,2023,6,12,NRL
Dragons,6,128,150,-22,2023,7,13,NRL
Dragons,6,154,177,-23,2023,8,14,NRL
Dragons,6,170,195,-25,2023,9,15,NRL
Dragons,2,28,4,24,2024,1,2,NRL
Dragons,2,28,42,-14,2024,2,11,NRL
Dragons,2,52,88,-36,2024,3,15,NRL
Dragons,4,72,100,-28,2024,4,13,NRL
Dragons,4,82,130,-48,2024,5,15,NRL
Dragons,6,106,142,-36,2024,6,13,NRL
Dragons,8,136,154,-18,2024,7,9,NRL
Dragons,8,154,214,-60,2024,8,11,NRL
Dragons,8,164,234,-70,2024,9,13,NRL
Dragons,0,20,28,-8,2025,1,13,NRL
Dragons,0,44,53,-9,2025,2,14,NRL
Dragons,2,44,53,-9,2025,3,13,NRL
Dragons,4,58,61,-3,2025,4,11,NRL
Dragons,4,80,84,-4,2025,5,12,NRL
Dragons,6,118,100,18,2025,6,10,NRL
Dragons,8,138,118,20,2025,7,7,NRL
Dragons,8,156,164,-8,2025,8,10,NRL
Dragons,8,184,198,-14,2025,9,10,NRL
Dragons,0,14,15,-1,2026,1,11,NRL
Dragons,0,34,61,-27,2026,2,14,NRL
Dragons,0,54,91,-37,2026,3,16,NRL
Dragons,0,68,113,-45,2026,4,17,NRL
Dragons,0,68,145,-77,2026,5,17,NRL
Dragons,0,86,173,-87,2026,6,17,NRL
Dragons,0,98,203,-105,2026,7,17,NRL
Dragons,0,98,203,-105,2026,8,17,NRL
Dragons,0,98,203,-105,2026,9,17,NRL
Dragons,2,124,309,-185,2026,10,17,NRL
Dragons,2,130,337,-207,2026,11,17,NRL
Dragons,2,142,367,-225,2026,12,17,NRL
Eagles,0,6,28,-22,2016,1,15,NRL
Eagles,0,28,64,-36,2016,2,15,NRL
Eagles,2,50,76,-26,2016,3,12,NRL
Eagles,4,72,96,-24,2016,4,11,NRL
Eagles,4,84,112,-28,2016,5,13,NRL
Eagles,6,118,130,-12,2016,6,10,NRL
Eagles,6,128,152,-24,2016,7,12,NRL
Eagles,8,154,162,-8,2016,8,8,NRL
Eagles,8,172,196,-24,2016,9,8,NRL
Eagles,0,12,20,-8,2017,1,13,NRL
Eagles,0,30,58,-28,2017,2,15,NRL
Eagles,2,60,66,-6,2017,3,13,NRL
Eagles,4,96,66,30,2017,4,6,NRL
Eagles,6,114,78,36,2017,5,5,NRL
Eagles,6,124,113,11,2017,6,8,NRL
Eagles,6,150,143,7,2017,7,9,NRL
Eagles,8,170,161,9,2017,8,8,NRL
Eagles,10,216,169,47,2017,9,6,NRL
Eagles,0,18,19,-1,2018,1,9,NRL
Eagles,2,72,19,53,2018,2,6,NRL
Eagles,2,78,53,25,2018,3,9,NRL
Eagles,4,110,69,41,2018,4,5,NRL
Eagles,4,130,101,29,2018,5,8,NRL
Eagles,4,142,139,3,2018,6,12,NRL
Eagles,4,152,183,-31,2018,7,13,NRL
Eagles,4,164,201,-37,2018,8,13,NRL
Eagles,4,184,223,-39,2018,9,14,NRL
Eagles,0,6,20,-14,2019,1,14,NRL
Eagles,0,24,46,-22,2019,2,13,NRL
Eagles,2,70,58,12,2019,3,8,NRL
Eagles,4,83,70,13,2019,4,8,NRL
Eagles,6,109,88,21,2019,5,6,NRL
Eagles,6,119,100,19,2019,6,7,NRL
Eagles,8,143,120,23,2019,7,6,NRL
Eagles,10,161,130,31,2019,8,6,NRL
Eagles,10,171,156,15,2019,9,5,NRL
Eagles,0,4,18,-14,2020,1,14,NRL
Eagles,2,13,26,-13,2020,2,10,NRL
Eagles,4,45,32,13,2020,3,6,NRL
Eagles,4,61,51,10,2020,4,8,NRL
Eagles,6,81,69,12,2020,5,7,NRL
Eagles,8,95,75,20,2020,6,7,NRL
Eagles,8,117,115,2,2020,7,8,NRL
Eagles,8,129,129,0,2020,8,10,NRL
Eagles,8,133,163,-30,2020,9,10,NRL
Eagles,0,4,46,-42,2021,1,16,NRL
Eagles,0,16,72,-56,2021,2,16,NRL
Eagles,0,28,110,-82,2021,3,16,NRL
Eagles,0,34,156,-122,2021,4,16,NRL
Eagles,2,47,168,-121,2021,5,15,NRL
Eagles,4,83,168,-85,2021,6,12,NRL
Eagles,6,123,174,-51,2021,7,11,NRL
Eagles,6,139,202,-63,2021,8,10,NRL
Eagles,8,177,234,-57,2021,9,9,NRL
Eagles,0,6,28,-22,2022,1,16,NRL
Eagles,0,18,54,-36,2022,2,16,NRL
Eagles,2,31,66,-35,2022,3,15,NRL
Eagles,4,56,72,-16,2022,4,10,NRL
Eagles,6,86,78,8,2022,5,6,NRL
Eagles,8,112,96,16,2022,6,6,NRL
Eagles,8,134,130,4,2022,7,7,NRL
Eagles,8,156,170,-14,2022,8,8,NRL
Eagles,10,192,192,0,2022,9,7,NRL
Eagles,2,31,6,25,2023,1,1,NRL
Eagles,4,31,6,25,2023,2,1,NRL
Eagles,6,65,36,29,2023,3,3,NRL
Eagles,6,77,49,28,2023,4,2,NRL
Eagles,7,109,81,28,2023,5,4,NRL
Eagles,7,121,125,-4,2023,6,9,NRL
Eagles,9,139,133,6,2023,7,4,NRL
Eagles,11,161,149,12,2023,8,2,NRL
Eagles,11,171,175,-4,2023,9,6,NRL
Eagles,2,36,24,12,2024,1,5,NRL
Eagles,4,57,38,19,2024,2,4,NRL
Eagles,4,81,66,15,2024,3,5,NRL
Eagles,4,93,86,7,2024,4,11,NRL
Eagles,6,125,104,21,2024,5,7,NRL
Eagles,7,147,126,21,2024,6,8,NRL
Eagles,9,181,156,25,2024,7,5,NRL
Eagles,11,213,174,39,2024,8,4,NRL
Eagles,11,237,200,37,2024,9,5,NRL
Eagles,2,42,12,30,2025,1,3,NRL
Eagles,2,58,48,10,2025,2,9,NRL
Eagles,4,98,60,38,2025,3,3,NRL
Eagles,6,124,72,52,2025,4,2,NRL
Eagles,6,148,120,28,2025,5,6,NRL
Eagles,6,166,144,22,2025,6,8,NRL
Eagles,6,184,164,20,2025,7,11,NRL
Eagles,8,210,174,36,2025,8,8,NRL
Eagles,10,210,174,36,2025,9,7,NRL
Eagles,0,28,29,-1,2026,1,10,NRL
Eagles,0,44,65,-21,2026,2,13,NRL
Eagles,2,44,65,-21,2026,3,11,NRL
Eagles,2,60,98,-38,2026,4,14,NRL
Eagles,4,112,116,-4,2026,5,12,NRL
Eagles,6,140,134,6,2026,6,9,NRL
Eagles,8,178,140,38,2026,7,6,NRL
Eagles,8,178,140,38,2026,8,6,NRL
Eagles,8,178,140,38,2026,9,6,NRL
Eagles,12,259,180,79,2026,10,5,NRL
Eagles,14,305,198,107,2026,11,4,NRL
Eagles,16,317,208,109,2026,12,4,NRL
Eels,0,4,17,-13,2016,1,13,NRL
Eels,2,24,33,-9,2016,2,10,NRL
Eels,4,44,39,5,2016,3,9,NRL
Eels,6,52,39,13,2016,4,5,NRL
Eels,6,70,59,11,2016,5,8,NRL
Eels,8,106,65,41,2016,6,3,NRL
Eels,10,128,75,53,2016,7,4,NRL
Eels,10,144,107,37,2016,8,5,NRL
Eels,0,0,0,0,2016,9,16,NRL
Eels,2,20,12,8,2017,1,4,NRL
Eels,4,54,28,26,2017,2,1,NRL
Eels,4,68,54,14,2017,3,4,NRL
Eels,4,74,74,0,2017,4,9,NRL
Eels,4,92,104,-12,2017,5,10,NRL
Eels,4,102,126,-24,2017,6,13,NRL
Eels,6,128,148,-20,2017,7,10,NRL
Eels,8,146,160,-14,2017,8,10,NRL
Eels,10,172,166,6,2017,9,7,NRL
Eels,0,14,24,-10,2018,1,13,NRL
Eels,0,14,78,-64,2018,2,16,NRL
Eels,0,18,92,-74,2018,3,16,NRL
Eels,0,38,122,-84,2018,4,16,NRL
Eels,0,44,134,-90,2018,5,16,NRL
Eels,0,46,152,-106,2018,6,16,NRL
Eels,2,90,162,-72,2018,7,16,NRL
Eels,4,114,184,-70,2018,8,16,NRL
Eels,4,134,206,-72,2018,9,16,NRL
Eels,2,20,12,8,2019,1,7,NRL
Eels,4,56,28,28,2019,2,2,NRL
Eels,4,74,60,14,2019,3,6,NRL
Eels,6,98,72,26,2019,4,5,NRL
Eels,6,98,91,7,2019,5,8,NRL
Eels,8,149,97,52,2019,6,5,NRL
Eels,8,163,125,38,2019,7,5,NRL
Eels,10,195,143,52,2019,8,5,NRL
Eels,10,205,207,-2,2019,9,8,NRL
Eels,2,8,2,6,2020,1,6,NRL
Eels,4,54,8,46,2020,2,1,NRL
Eels,6,88,14,74,2020,3,1,NRL
Eels,8,107,30,77,2020,4,1,NRL
Eels,10,123,40,83,2020,5,1,NRL
Eels,10,133,64,69,2020,6,1,NRL
Eels,12,158,88,70,2020,7,1,NRL
Eels,14,200,92,108,2020,8,1,NRL
Eels,16,210,96,114,2020,9,1,NRL
Eels,2,24,16,8,2021,1,7,NRL
Eels,4,40,28,12,2021,2,5,NRL
Eels,6,68,32,36,2021,3,2,NRL
Eels,8,104,54,50,2021,4,2,NRL
Eels,8,116,80,36,2021,5,5,NRL
Eels,10,151,90,61,2021,6,3,NRL
Eels,12,197,96,101,2021,7,2,NRL
Eels,14,229,106,123,2021,8,2,NRL
Eels,16,260,124,136,2021,9,2,NRL
Eels,2,32,28,4,2022,1,7,NRL
Eels,2,48,46,2,2022,2,7,NRL
Eels,4,76,70,6,2022,3,6,NRL
Eels,6,124,84,40,2022,4,3,NRL
Eels,8,150,104,46,2022,5,4,NRL
Eels,8,170,125,45,2022,6,4,NRL
Eels,10,209,127,82,2022,7,3,NRL
Eels,10,213,162,51,2022,8,5,NRL
Eels,12,235,182,53,2022,9,5,NRL
Eels,0,12,16,-4,2023,1,12,NRL
Eels,0,38,46,-8,2023,2,16,NRL
Eels,0,68,80,-12,2023,3,16,NRL
Eels,2,85,96,-11,2023,4,15,NRL
Eels,2,105,124,-19,2023,5,15,NRL
Eels,4,133,146,-13,2023,6,14,NRL
Eels,6,163,150,13,2023,7,12,NRL
Eels,6,179,176,3,2023,8,13,NRL
Eels,8,222,188,34,2023,9,12,NRL
Eels,2,26,8,18,2024,1,3,NRL
Eels,2,44,34,10,2024,2,7,NRL
Eels,4,72,58,14,2024,3,6,NRL
Eels,4,88,75,13,2024,4,9,NRL
Eels,4,96,116,-20,2024,5,14,NRL
Eels,6,123,136,-13,2024,6,11,NRL
Eels,6,139,180,-41,2024,7,14,NRL
Eels,6,157,212,-55,2024,8,14,NRL
Eels,8,157,212,-55,2024,9,12,NRL
Eels,0,18,56,-38,2025,1,17,NRL
Eels,0,24,88,-64,2025,2,17,NRL
Eels,0,32,104,-72,2025,3,17,NRL
Eels,0,44,130,-86,2025,4,17,NRL
Eels,2,67,152,-85,2025,5,17,NRL
Eels,2,79,202,-123,2025,6,17,NRL
Eels,4,117,224,-107,2025,7,17,NRL
Eels,6,117,224,-107,2025,8,16,NRL
Eels,6,135,252,-117,2025,9,17,NRL
Eels,0,4,52,-48,2026,1,17,NRL
Eels,2,44,84,-40,2026,2,12,NRL
Eels,4,74,104,-30,2026,3,9,NRL
Eels,4,94,152,-58,2026,4,13,NRL
Eels,4,114,174,-60,2026,5,14,NRL
Eels,4,124,226,-102,2026,6,16,NRL
Eels,6,162,246,-84,2026,7,14,NRL
Eels,6,162,246,-84,2026,8,14,NRL
Eels,6,162,246,-84,2026,9,14,NRL
Eels,8,227,345,-118,2026,10,14,NRL
Eels,8,235,379,-144,2026,11,15,NRL
Eels,10,235,379,-144,2026,12,14,NRL
Knights,0,12,30,-18,2016,1,14,NRL
Knights,0,18,78,-60,2016,2,16,NRL
Knights,1,42,102,-60,2016,3,14,NRL
Knights,1,60,142,-82,2016,4,15,NRL
Knights,1,74,160,-86,2016,5,15,NRL
Knights,3,92,176,-84,2016,6,15,NRL
Knights,3,92,229,-137,2016,7,15,NRL
Knights,3,102,255,-153,2016,8,15,NRL
Knights,3,102,293,-191,2016,9,15,NRL
Knights,0,22,26,-4,2017,1,9,NRL
Knights,2,56,52,4,2017,2,8,NRL
Knights,2,74,76,-2,2017,3,12,NRL
Knights,2,74,116,-42,2017,4,15,NRL
Knights,2,92,135,-43,2017,5,15,NRL
Knights,2,104,157,-53,2017,6,16,NRL
Knights,2,110,181,-71,2017,7,16,NRL
Knights,2,122,205,-83,2017,8,16,NRL
Knights,2,130,243,-113,2017,9,16,NRL
Knights,2,19,18,1,2018,1,8,NRL
Knights,4,49,46,3,2018,2,5,NRL
Knights,4,57,84,-27,2018,3,8,NRL
Knights,4,69,114,-45,2018,4,12,NRL
Knights,6,84,124,-40,2018,5,7,NRL
Knights,6,98,164,-66,2018,6,10,NRL
Knights,8,120,184,-64,2018,7,8,NRL
Knights,10,138,196,-58,2018,8,6,NRL
Knights,10,156,232,-76,2018,9,10,NRL
Knights,2,14,8,6,2019,1,8,NRL
Knights,2,28,24,4,2019,2,9,NRL
Knights,2,38,41,-3,2019,3,10,NRL
Knights,2,50,54,-4,2019,4,12,NRL
Knights,2,68,80,-12,2019,5,12,NRL
Knights,2,82,118,-36,2019,6,15,NRL
Knights,4,110,132,-22,2019,7,11,NRL
Knights,6,146,150,-4,2019,8,10,NRL
Knights,8,168,160,8,2019,9,9,NRL
Knights,2,20,0,20,2020,1,1,NRL
Knights,4,62,24,38,2020,2,2,NRL
Knights,5,76,38,38,2020,3,3,NRL
Knights,7,110,56,54,2020,4,2,NRL
Knights,7,122,82,40,2020,5,4,NRL
Knights,9,149,88,61,2020,6,2,NRL
Knights,9,169,120,49,2020,7,5,NRL
Knights,11,183,132,51,2020,8,4,NRL
Knights,11,187,142,45,2020,9,5,NRL
Knights,2,32,16,16,2021,1,4,NRL
Knights,4,52,32,20,2021,2,4,NRL
Knights,4,72,56,16,2021,3,8,NRL
Knights,4,85,78,7,2021,4,10,NRL
Knights,4,101,120,-19,2021,5,11,NRL
Knights,6,127,142,-15,2021,6,10,NRL
Knights,6,133,166,-33,2021,7,10,NRL
Knights,6,137,204,-67,2021,8,11,NRL
Knights,8,161,220,-59,2021,9,10,NRL
Knights,2,20,6,14,2022,1,2,NRL
Knights,4,46,10,36,2022,2,1,NRL
Knights,4,66,48,18,2022,3,4,NRL
Knights,4,66,66,0,2022,4,8,NRL
Knights,4,72,96,-24,2022,5,11,NRL
Knights,4,88,117,-29,2022,6,11,NRL
Knights,4,90,156,-66,2022,7,14,NRL
Knights,4,92,206,-114,2022,8,16,NRL
Knights,4,108,242,-134,2022,9,16,NRL
Knights,0,12,20,-8,2023,1,13,NRL
Knights,2,26,32,-6,2023,2,11,NRL
Knights,2,46,68,-22,2023,3,14,NRL
Knights,4,70,82,-12,2023,4,12,NRL
Knights,5,102,114,-12,2023,5,11,NRL
Knights,7,136,138,-2,2023,6,8,NRL
Knights,7,151,154,-3,2023,7,11,NRL
Knights,7,167,172,-5,2023,8,12,NRL
Knights,7,179,215,-36,2023,9,14,NRL
Knights,0,12,28,-16,2024,1,14,NRL
Knights,0,32,49,-17,2024,2,15,NRL
Knights,2,46,61,-15,2024,3,13,NRL
Knights,2,58,81,-23,2024,4,15,NRL
Knights,4,88,91,-3,2024,5,12,NRL
Knights,4,108,113,-5,2024,6,14,NRL
Knights,4,120,149,-29,2024,7,15,NRL
Knights,6,138,163,-25,2024,8,13,NRL
Knights,8,152,171,-19,2024,9,11,NRL
Knights,2,10,8,2,2025,1,7,NRL
Knights,4,36,20,16,2025,2,4,NRL
Knights,4,42,46,-4,2025,3,4,NRL
Knights,6,42,46,-4,2025,4,8,NRL
Knights,6,42,66,-24,2025,5,9,NRL
Knights,6,46,86,-40,2025,6,12,NRL
Knights,6,60,120,-60,2025,7,14,NRL
Knights,6,72,146,-74,2025,8,15,NRL
Knights,8,102,150,-48,2025,9,12,NRL
Knights,2,28,18,10,2026,1,5,NRL
Knights,4,64,34,30,2026,2,4,NRL
Knights,4,76,72,4,2026,3,8,NRL
Knights,6,100,88,12,2026,4,4,NRL
Knights,8,132,100,32,2026,5,3,NRL
Knights,8,154,142,12,2026,6,6,NRL
Knights,8,178,180,-2,2026,7,8,NRL
Knights,8,178,180,-2,2026,8,8,NRL
Knights,8,178,180,-2,2026,9,8,NRL
Knights,12,276,272,4,2026,10,8,NRL
Knights,14,312,284,28,2026,11,6,NRL
Knights,16,312,284,28,2026,12,5,NRL
Panthers,0,22,30,-8,2016,1,12,NRL
Panthers,0,38,48,-10,2016,2,11,NRL
Panthers,2,61,70,-9,2016,3,11,NRL
Panthers,2,73,84,-11,2016,4,14,NRL
Panthers,4,93,102,-9,2016,5,12,NRL
Panthers,4,111,125,-14,2016,6,12,NRL
Panthers,6,131,141,-10,2016,7,10,NRL
Panthers,6,149,161,-12,2016,8,12,NRL
Panthers,8,168,179,-11,2016,9,7,NRL
Panthers,0,10,42,-32,2017,1,16,NRL
Panthers,2,46,44,2,2017,2,10,NRL
Panthers,2,58,58,0,2017,3,11,NRL
Panthers,4,98,58,40,2017,4,5,NRL
Panthers,4,104,86,18,2017,5,8,NRL
Panthers,4,124,107,17,2017,6,12,NRL
Panthers,4,126,135,-9,2017,7,13,NRL
Panthers,4,138,153,-15,2017,8,14,NRL
Panthers,4,156,185,-29,2017,9,15,NRL
Panthers,2,24,14,10,2018,1,4,NRL
Panthers,4,42,28,14,2018,2,3,NRL
Panthers,4,60,48,12,2018,3,5,NRL
Panthers,6,93,62,31,2018,4,3,NRL
Panthers,8,105,68,37,2018,5,3,NRL
Panthers,10,140,80,60,2018,6,2,NRL
Panthers,10,162,106,56,2018,7,3,NRL
Panthers,12,184,120,64,2018,8,2,NRL
Panthers,12,204,146,58,2018,9,3,NRL
Panthers,0,12,20,-8,2019,1,10,NRL
Panthers,2,28,34,-6,2019,2,11,NRL
Panthers,2,30,66,-36,2019,3,14,NRL
Panthers,4,39,74,-35,2019,4,11,NRL
Panthers,4,63,104,-41,2019,5,11,NRL
Panthers,4,83,128,-45,2019,6,12,NRL
Panthers,4,101,150,-49,2019,7,14,NRL
Panthers,4,113,180,-67,2019,8,15,NRL
Panthers,4,117,210,-93,2019,9,15,NRL
Panthers,2,20,14,6,2020,1,7,NRL
Panthers,4,52,42,10,2020,2,6,NRL
Panthers,5,66,56,10,2020,3,4,NRL
Panthers,7,92,56,36,2020,4,3,NRL
Panthers,7,102,72,30,2020,5,5,NRL
Panthers,9,123,86,37,2020,6,3,NRL
Panthers,11,143,98,45,2020,7,2,NRL
Panthers,13,162,110,52,2020,8,2,NRL
Panthers,15,218,134,84,2020,9,2,NRL
Panthers,2,24,0,24,2021,1,2,NRL
Panthers,4,52,0,52,2021,2,2,NRL
Panthers,6,64,10,54,2021,3,1,NRL
Panthers,8,110,16,94,2021,4,1,NRL
Panthers,10,140,26,114,2021,5,1,NRL
Panthers,12,160,38,122,2021,6,1,NRL
Panthers,14,184,44,140,2021,7,1,NRL
Panthers,16,212,60,152,2021,8,1,NRL
Panthers,18,260,60,200,2021,9,1,NRL
Panthers,2,28,6,22,2022,1,1,NRL
Panthers,4,48,22,26,2022,2,2,NRL
Panthers,6,86,42,44,2022,3,1,NRL
Panthers,8,112,54,58,2022,4,1,NRL
Panthers,10,144,66,78,2022,5,1,NRL
Panthers,12,184,78,106,2022,6,1,NRL
Panthers,14,220,84,136,2022,7,1,NRL
Panthers,16,238,88,150,2022,8,1,NRL
Panthers,16,258,110,148,2022,9,2,NRL
Panthers,0,12,13,-1,2023,1,11,NRL
Panthers,2,28,23,5,2023,2,5,NRL
Panthers,4,28,23,5,2023,3,5,NRL
Panthers,4,44,40,4,2023,4,7,NRL
Panthers,6,97,52,45,2023,5,5,NRL
Panthers,8,141,64,77,2023,6,2,NRL
Panthers,10,157,79,78,2023,7,2,NRL
Panthers,10,175,99,76,2023,8,3,NRL
Panthers,10,183,111,72,2023,9,7,NRL
Panthers,0,0,8,-8,2024,1,11,NRL
Panthers,2,26,26,0,2024,2,10,NRL
Panthers,4,60,38,22,2024,3,4,NRL
Panthers,6,82,54,28,2024,4,2,NRL
Panthers,6,100,86,14,2024,5,8,NRL
Panthers,8,100,86,14,2024,6,6,NRL
Panthers,10,122,92,30,2024,7,4,NRL
Panthers,12,148,112,36,2024,8,3,NRL
Panthers,14,190,124,66,2024,9,3,NRL
Panthers,2,28,22,6,2025,1,6,NRL
Panthers,2,60,60,0,2025,2,10,NRL
Panthers,2,84,90,-6,2025,3,12,NRL
Panthers,2,102,118,-16,2025,4,13,NRL
Panthers,2,120,140,-20,2025,5,15,NRL
Panthers,2,132,170,-38,2025,6,16,NRL
Panthers,4,172,182,-10,2025,7,15,NRL
Panthers,4,182,208,-26,2025,8,17,NRL
Panthers,6,214,216,-2,2025,9,15,NRL
Panthers,2,26,0,26,2026,1,3,NRL
Panthers,4,52,6,46,2026,2,3,NRL
Panthers,6,92,10,82,2026,3,2,NRL
Panthers,8,140,30,110,2026,4,1,NRL
Panthers,10,190,40,150,2026,5,1,NRL
Panthers,10,206,72,134,2026,6,1,NRL
Panthers,12,229,94,135,2026,7,1,NRL
Panthers,12,229,94,135,2026,8,1,NRL
Panthers,12,229,94,135,2026,9,1,NRL
Panthers,18,321,140,181,2026,10,1,NRL
Panthers,20,349,146,203,2026,11,1,NRL
Panthers,22,349,146,203,2026,12,1,NRL
Rabbitohs,2,42,10,32,2016,1,1,NRL
Rabbitohs,4,90,16,74,2016,2,1,NRL
Rabbitohs,4,96,24,72,2016,3,3,NRL
Rabbitohs,4,108,66,42,2016,4,7,NRL
Rabbitohs,6,124,78,46,2016,5,5,NRL
Rabbitohs,6,134,95,39,2016,6,8,NRL
Rabbitohs,6,152,139,13,2016,7,8,NRL
Rabbitohs,6,160,169,-9,2016,8,11,NRL
Rabbitohs,6,182,199,-17,2016,9,11,NRL
Rabbitohs,0,18,34,-16,2017,1,15,NRL
Rabbitohs,2,56,52,4,2017,2,9,NRL
Rabbitohs,4,80,70,10,2017,3,5,NRL
Rabbitohs,4,86,90,-4,2017,4,10,NRL
Rabbitohs,4,92,110,-18,2017,5,11,NRL
Rabbitohs,6,113,130,-17,2017,6,9,NRL
Rabbitohs,6,122,154,-32,2017,7,11,NRL
Rabbitohs,6,146,179,-33,2017,8,11,NRL
Rabbitohs,6,154,225,-71,2017,9,13,NRL
Rabbitohs,0,20,32,-12,2018,1,14,NRL
Rabbitohs,0,34,50,-16,2018,2,14,NRL
Rabbitohs,2,68,56,12,2018,3,10,NRL
Rabbitohs,4,88,72,16,2018,4,8,NRL
Rabbitohs,4,100,88,12,2018,5,10,NRL
Rabbitohs,6,126,102,24,2018,6,7,NRL
Rabbitohs,8,168,124,44,2018,7,6,NRL
Rabbitohs,8,188,148,40,2018,8,7,NRL
Rabbitohs,10,224,166,58,2018,9,5,NRL
Rabbitohs,2,26,16,10,2019,1,6,NRL
Rabbitohs,4,60,34,26,2019,2,3,NRL
Rabbitohs,6,88,54,34,2019,3,2,NRL
Rabbitohs,6,100,67,33,2019,4,4,NRL
Rabbitohs,8,128,91,37,2019,5,4,NRL
Rabbitohs,10,142,97,45,2019,6,4,NRL
Rabbitohs,12,164,115,49,2019,7,3,NRL
Rabbitohs,14,202,121,81,2019,8,2,NRL
Rabbitohs,16,234,137,97,2019,9,2,NRL
Rabbitohs,2,22,18,4,2020,1,8,NRL
Rabbitohs,2,40,40,0,2020,2,8,NRL
Rabbitohs,2,52,68,-16,2020,3,11,NRL
Rabbitohs,2,60,90,-30,2020,4,13,NRL
Rabbitohs,4,92,102,-10,2020,5,10,NRL
Rabbitohs,6,132,114,18,2020,6,8,NRL
Rabbitohs,6,144,134,10,2020,7,9,NRL
Rabbitohs,8,170,144,26,2020,8,9,NRL
Rabbitohs,10,188,154,34,2020,9,6,NRL
Rabbitohs,0,18,26,-8,2021,1,9,NRL
Rabbitohs,2,44,38,6,2021,2,8,NRL
Rabbitohs,4,70,54,16,2021,3,7,NRL
Rabbitohs,6,108,54,54,2021,4,4,NRL
Rabbitohs,8,143,60,83,2021,5,3,NRL
Rabbitohs,10,161,74,87,2021,6,2,NRL
Rabbitohs,12,201,104,97,2021,7,3,NRL
Rabbitohs,14,235,124,111,2021,8,3,NRL
Rabbitohs,14,235,174,61,2021,9,4,NRL
Rabbitohs,0,4,11,-7,2022,1,12,NRL
Rabbitohs,0,18,26,-8,2022,2,13,NRL
Rabbitohs,2,46,42,4,2022,3,9,NRL
Rabbitohs,2,58,68,-10,2022,4,13,NRL
Rabbitohs,4,82,80,2,2022,5,9,NRL
Rabbitohs,6,118,96,22,2022,6,8,NRL
Rabbitohs,6,140,119,21,2022,7,8,NRL
Rabbitohs,8,180,141,39,2022,8,6,NRL
Rabbitohs,8,192,173,19,2022,9,9,NRL
Rabbitohs,2,27,18,9,2023,1,4,NRL
Rabbitohs,2,37,34,3,2023,2,6,NRL
Rabbitohs,2,55,54,1,2023,3,10,NRL
Rabbitohs,4,68,66,2,2023,4,8,NRL
Rabbitohs,4,78,84,-6,2023,5,13,NRL
Rabbitohs,6,128,100,28,2023,6,10,NRL
Rabbitohs,8,164,114,50,2023,7,5,NRL
Rabbitohs,10,184,132,52,2023,8,4,NRL
Rabbitohs,12,216,138,78,2023,9,3,NRL
Rabbitohs,0,24,36,-12,2024,1,13,NRL
Rabbitohs,0,42,64,-22,2024,2,16,NRL
Rabbitohs,0,48,112,-64,2024,3,17,NRL
Rabbitohs,2,68,128,-60,2024,4,16,NRL
Rabbitohs,2,72,162,-90,2024,5,17,NRL
Rabbitohs,2,94,196,-102,2024,6,17,NRL
Rabbitohs,4,94,196,-102,2024,7,16,NRL
Rabbitohs,4,114,250,-136,2024,8,17,NRL
Rabbitohs,4,126,292,-166,2024,9,17,NRL
Rabbitohs,2,16,14,2,2025,1,8,NRL
Rabbitohs,4,41,38,3,2025,2,5,NRL
Rabbitohs,4,53,65,-12,2025,3,7,NRL
Rabbitohs,6,81,83,-2,2025,4,7,NRL
Rabbitohs,8,101,97,4,2025,5,5,NRL
Rabbitohs,8,117,121,-4,2025,6,5,NRL
Rabbitohs,8,117,153,-36,2025,7,8,NRL
Rabbitohs,8,133,177,-44,2025,8,11,NRL
Rabbitohs,8,137,207,-70,2025,9,13,NRL
Rabbitohs,2,40,30,10,2026,1,6,NRL
Rabbitohs,2,58,56,2,2026,2,8,NRL
Rabbitohs,4,78,72,6,2026,3,7,NRL
Rabbitohs,6,78,72,6,2026,4,5,NRL
Rabbitohs,8,110,96,14,2026,5,4,NRL
Rabbitohs,8,144,132,12,2026,6,5,NRL
Rabbitohs,10,174,144,30,2026,7,4,NRL
Rabbitohs,10,174,144,30,2026,8,4,NRL
Rabbitohs,10,174,144,30,2026,9,4,NRL
Rabbitohs,14,296,204,92,2026,10,4,NRL
Rabbitohs,14,306,236,70,2026,11,5,NRL
Rabbitohs,14,324,266,58,2026,12,7,NRL
Raiders,2,30,22,8,2016,1,5,NRL
Raiders,4,51,42,9,2016,2,6,NRL
Raiders,5,75,66,9,2016,3,2,NRL
Raiders,5,95,90,5,2016,4,6,NRL
Raiders,7,117,98,19,2016,5,3,NRL
Raiders,7,123,134,-11,2016,6,7,NRL
Raiders,7,139,174,-35,2016,7,7,NRL
Raiders,9,199,180,19,2016,8,7,NRL
Raiders,9,217,199,18,2016,9,6,NRL
Raiders,0,16,20,-4,2017,1,10,NRL
Raiders,0,32,62,-30,2017,2,16,NRL
Raiders,2,78,68,10,2017,3,8,NRL
Raiders,2,90,81,9,2017,4,11,NRL
Raiders,4,120,99,21,2017,5,7,NRL
Raiders,6,162,115,47,2017,6,6,NRL
Raiders,8,182,123,59,2017,7,5,NRL
Raiders,8,200,143,57,2017,8,7,NRL
Raiders,8,210,159,51,2017,9,10,NRL
Raiders,0,28,30,-2,2018,1,10,NRL
Raiders,0,56,60,-4,2018,2,12,NRL
Raiders,0,75,80,-5,2018,3,15,NRL
Raiders,0,91,112,-21,2018,4,15,NRL
Raiders,2,117,122,-5,2018,5,13,NRL
Raiders,4,135,124,11,2018,6,11,NRL
Raiders,4,157,166,-9,2018,7,12,NRL
Raiders,6,175,174,1,2018,8,11,NRL
Raiders,8,207,192,15,2018,9,11,NRL
Raiders,2,21,0,21,2019,1,2,NRL
Raiders,2,31,22,9,2019,2,5,NRL
Raiders,4,48,32,16,2019,3,5,NRL
Raiders,6,78,44,34,2019,4,3,NRL
Raiders,8,97,44,53,2019,5,3,NRL
Raiders,10,123,66,57,2019,6,3,NRL
Raiders,10,143,90,53,2019,7,4,NRL
Raiders,12,173,102,71,2019,8,3,NRL
Raiders,12,197,132,65,2019,9,4,NRL
Raiders,2,24,6,18,2020,1,2,NRL
Raiders,4,44,12,32,2020,2,3,NRL
Raiders,6,66,18,48,2020,3,2,NRL
Raiders,6,84,52,32,2020,4,4,NRL
Raiders,8,98,58,40,2020,5,2,NRL
Raiders,8,104,72,32,2020,6,5,NRL
Raiders,8,128,97,31,2020,7,7,NRL
Raiders,10,150,113,37,2020,8,6,NRL
Raiders,10,164,133,31,2020,9,7,NRL
Raiders,2,30,12,18,2021,1,3,NRL
Raiders,4,42,22,20,2021,2,3,NRL
Raiders,4,73,56,17,2021,3,6,NRL
Raiders,6,93,60,33,2021,4,5,NRL
Raiders,6,103,90,13,2021,5,8,NRL
Raiders,6,113,125,-12,2021,6,9,NRL
Raiders,6,137,151,-14,2021,7,8,NRL
Raiders,6,157,185,-28,2021,8,9,NRL
Raiders,6,173,209,-36,2021,9,12,NRL
Raiders,2,24,19,5,2022,1,6,NRL
Raiders,2,30,45,-15,2022,2,12,NRL
Raiders,4,54,67,-13,2022,3,7,NRL
Raiders,4,60,92,-32,2022,4,12,NRL
Raiders,4,76,122,-46,2022,5,13,NRL
Raiders,4,88,140,-52,2022,6,12,NRL
Raiders,4,94,176,-82,2022,7,15,NRL
Raiders,4,114,197,-83,2022,8,14,NRL
Raiders,6,128,201,-73,2022,9,12,NRL
Raiders,0,18,19,-1,2023,1,10,NRL
Raiders,0,32,39,-7,2023,2,15,NRL
Raiders,2,56,59,-3,2023,3,11,NRL
Raiders,2,70,83,-13,2023,4,16,NRL
Raiders,2,82,136,-54,2023,5,16,NRL
Raiders,4,102,150,-48,2023,6,16,NRL
Raiders,6,122,164,-42,2023,7,14,NRL
Raiders,8,122,164,-42,2023,8,11,NRL
Raiders,10,153,194,-41,2023,9,11,NRL
Raiders,2,28,12,16,2024,1,4,NRL
Raiders,4,60,24,36,2024,2,1,NRL
Raiders,4,70,42,28,2024,3,3,NRL
Raiders,4,92,78,14,2024,4,8,NRL
Raiders,6,133,86,47,2024,5,5,NRL
Raiders,8,154,106,48,2024,6,3,NRL
Raiders,8,164,140,24,2024,7,7,NRL
Raiders,8,164,180,-16,2024,8,10,NRL
Raiders,10,190,204,-14,2024,9,9,NRL
Raiders,2,30,8,22,2025,1,4,NRL
Raiders,4,62,30,32,2025,2,2,NRL
Raiders,4,74,70,4,2025,3,5,NRL
Raiders,4,94,100,-6,2025,4,12,NRL
Raiders,6,118,120,-2,2025,5,7,NRL
Raiders,8,168,132,36,2025,6,4,NRL
Raiders,10,198,152,46,2025,7,3,NRL
Raiders,12,238,180,58,2025,8,3,NRL
Raiders,14,258,198,60,2025,9,2,NRL
Raiders,2,29,28,1,2026,1,8,NRL
Raiders,2,35,68,-33,2026,2,11,NRL
Raiders,2,45,82,-37,2026,3,14,NRL
Raiders,2,67,116,-49,2026,4,15,NRL
Raiders,2,79,148,-69,2026,5,16,NRL
Raiders,4,115,182,-67,2026,6,15,NRL
Raiders,6,141,204,-63,2026,7,13,NRL
Raiders,6,141,204,-63,2026,8,13,NRL
Raiders,6,141,204,-63,2026,9,13,NRL
Raiders,8,201,279,-78,2026,10,12,NRL
Raiders,10,201,279,-78,2026,11,12,NRL
Raiders,10,223,309,-86,2026,12,12,NRL
Roosters,0,10,42,-32,2016,1,16,NRL
Roosters,0,30,63,-33,2016,2,14,NRL
Roosters,0,30,103,-73,2016,3,16,NRL
Roosters,0,50,125,-75,2016,4,16,NRL
Roosters,0,78,157,-79,2016,5,16,NRL
Roosters,2,95,167,-72,2016,6,16,NRL
Roosters,2,111,187,-76,2016,7,16,NRL
Roosters,2,129,207,-78,2016,8,16,NRL
Roosters,4,167,207,-40,2016,9,14,NRL
Roosters,2,32,18,14,2017,1,3,NRL
Roosters,4,60,42,18,2017,2,3,NRL
Roosters,6,74,54,20,2017,3,2,NRL
Roosters,8,94,60,34,2017,4,1,NRL
Roosters,8,106,78,28,2017,5,3,NRL
Roosters,8,114,110,4,2017,6,4,NRL
Roosters,10,138,116,22,2017,7,4,NRL
Roosters,12,151,128,23,2017,8,3,NRL
Roosters,12,164,142,22,2017,9,5,NRL
Roosters,0,8,10,-2,2018,1,11,NRL
Roosters,2,38,22,16,2018,2,7,NRL
Roosters,4,76,30,46,2018,3,3,NRL
Roosters,4,82,60,22,2018,4,7,NRL
Roosters,6,110,70,40,2018,5,5,NRL
Roosters,6,124,96,28,2018,6,6,NRL
Roosters,8,130,96,34,2018,7,7,NRL
Roosters,8,138,120,18,2018,8,8,NRL
Roosters,10,160,140,20,2018,9,6,NRL
Roosters,0,16,26,-10,2019,1,11,NRL
Roosters,2,42,44,-2,2019,2,10,NRL
Roosters,4,74,62,12,2019,3,7,NRL
Roosters,6,110,66,44,2019,4,2,NRL
Roosters,8,140,82,58,2019,5,2,NRL
Roosters,10,161,102,59,2019,6,2,NRL
Roosters,12,181,112,69,2019,7,1,NRL
Roosters,14,223,124,99,2019,8,1,NRL
Roosters,16,253,148,105,2019,9,1,NRL
Roosters,0,14,20,-6,2020,1,10,NRL
Roosters,0,22,29,-7,2020,2,12,NRL
Roosters,2,50,41,9,2020,3,10,NRL
Roosters,4,109,41,68,2020,4,6,NRL
Roosters,6,151,47,104,2020,5,6,NRL
Roosters,8,175,57,118,2020,6,4,NRL
Roosters,10,201,69,132,2020,7,3,NRL
Roosters,10,226,96,130,2020,8,5,NRL
Roosters,12,268,112,156,2020,9,4,NRL
Roosters,2,46,4,42,2021,1,1,NRL
Roosters,4,86,10,76,2021,2,1,NRL
Roosters,4,102,36,66,2021,3,3,NRL
Roosters,6,134,48,86,2021,4,3,NRL
Roosters,8,160,66,94,2021,5,2,NRL
Roosters,8,164,86,78,2021,6,5,NRL
Roosters,10,198,96,102,2021,7,5,NRL
Roosters,12,236,100,136,2021,8,4,NRL
Roosters,12,254,131,123,2021,9,5,NRL
Roosters,0,6,20,-14,2022,1,15,NRL
Roosters,2,32,32,0,2022,2,8,NRL
Roosters,2,48,60,-12,2022,3,13,NRL
Roosters,4,76,64,12,2022,4,6,NRL
Roosters,6,100,84,16,2022,5,5,NRL
Roosters,8,122,98,24,2022,6,5,NRL
Roosters,8,134,112,22,2022,7,6,NRL
Roosters,8,146,128,18,2022,8,7,NRL
Roosters,10,190,144,46,2022,9,6,NRL
Roosters,0,18,28,-10,2023,1,15,NRL
Roosters,2,38,40,-2,2023,2,9,NRL
Roosters,4,58,58,0,2023,3,7,NRL
Roosters,6,58,58,0,2023,4,5,NRL
Roosters,8,86,78,8,2023,5,3,NRL
Roosters,8,94,106,-12,2023,6,7,NRL
Roosters,8,106,128,-22,2023,7,9,NRL
Roosters,10,133,154,-21,2023,8,9,NRL
Roosters,12,147,154,-7,2023,9,5,NRL
Roosters,2,20,10,10,2024,1,6,NRL
Roosters,2,34,31,3,2024,2,8,NRL
Roosters,4,82,37,45,2024,3,2,NRL
Roosters,4,98,59,39,2024,4,7,NRL
Roosters,4,124,89,35,2024,5,10,NRL
Roosters,6,146,109,37,2024,6,9,NRL
Roosters,6,158,127,31,2024,7,11,NRL
Roosters,8,218,145,73,2024,8,7,NRL
Roosters,10,258,163,95,2024,9,6,NRL
Roosters,0,14,50,-36,2025,1,16,NRL
Roosters,2,52,82,-30,2025,2,13,NRL
Roosters,2,58,96,-38,2025,3,14,NRL
Roosters,2,70,126,-56,2025,4,15,NRL
Roosters,2,84,146,-62,2025,5,16,NRL
Roosters,4,110,162,-52,2025,6,15,NRL
Roosters,4,122,202,-80,2025,7,16,NRL
Roosters,6,168,220,-52,2025,8,13,NRL
Roosters,8,204,246,-42,2025,9,11,NRL
Roosters,0,18,42,-24,2026,1,14,NRL
Roosters,2,44,60,-16,2026,2,10,NRL
Roosters,2,48,100,-52,2026,3,15,NRL
Roosters,4,81,116,-35,2026,4,12,NRL
Roosters,6,81,116,-35,2026,5,10,NRL
Roosters,8,115,138,-23,2026,6,8,NRL
Roosters,10,153,162,-9,2026,7,5,NRL
Roosters,10,153,162,-9,2026,8,5,NRL
Roosters,10,153,162,-9,2026,9,5,NRL
Roosters,16,281,214,67,2026,10,3,NRL
Roosters,16,293,232,61,2026,11,3,NRL
Roosters,18,293,232,61,2026,12,3,NRL
Sharks,0,14,20,-6,2016,1,10,NRL
Sharks,2,44,22,22,2016,2,7,NRL
Sharks,2,56,44,12,2016,3,10,NRL
Sharks,4,70,50,20,2016,4,9,NRL
Sharks,6,104,76,28,2016,5,6,NRL
Sharks,8,129,96,33,2016,6,4,NRL
Sharks,10,169,112,57,2016,7,3,NRL
Sharks,12,189,130,59,2016,8,4,NRL
Sharks,14,219,158,61,2016,9,4,NRL
Sharks,0,18,26,-8,2017,1,12,NRL
Sharks,2,60,42,18,2017,2,5,NRL
Sharks,2,70,58,12,2017,3,7,NRL
Sharks,4,90,64,26,2017,4,7,NRL
Sharks,6,109,82,27,2017,5,6,NRL
Sharks,8,120,84,36,2017,6,3,NRL
Sharks,10,148,86,62,2017,7,3,NRL
Sharks,10,160,102,58,2017,8,4,NRL
Sharks,12,182,118,64,2017,9,3,NRL
Sharks,0,14,20,-6,2018,1,12,NRL
Sharks,0,30,40,-10,2018,2,13,NRL
Sharks,2,44,44,0,2018,3,11,NRL
Sharks,4,58,48,10,2018,4,9,NRL
Sharks,4,68,76,-8,2018,5,11,NRL
Sharks,4,88,116,-28,2018,6,13,NRL
Sharks,6,114,138,-24,2018,7,9,NRL
Sharks,8,124,147,-23,2018,8,9,NRL
Sharks,10,146,167,-21,2018,9,8,NRL
Sharks,0,8,14,-6,2019,1,9,NRL
Sharks,2,28,20,8,2019,2,7,NRL
Sharks,4,70,36,34,2019,3,3,NRL
Sharks,4,82,60,22,2019,4,7,NRL
Sharks,4,98,90,8,2019,5,9,NRL
Sharks,6,122,110,12,2019,6,8,NRL
Sharks,6,128,139,-11,2019,7,9,NRL
Sharks,8,148,157,-9,2019,8,7,NRL
Sharks,10,174,175,-1,2019,9,7,NRL
Sharks,0,18,22,-4,2020,1,9,NRL
Sharks,0,28,34,-6,2020,2,11,NRL
Sharks,0,44,62,-18,2020,3,13,NRL
Sharks,2,70,78,-8,2020,4,11,NRL
Sharks,2,86,108,-22,2020,5,13,NRL
Sharks,4,106,126,-20,2020,6,11,NRL
Sharks,6,146,148,-2,2020,7,11,NRL
Sharks,8,186,158,28,2020,8,7,NRL
Sharks,8,210,214,-4,2020,9,9,NRL
Sharks,2,32,18,14,2021,1,5,NRL
Sharks,2,42,30,12,2021,2,6,NRL
Sharks,2,46,58,-12,2021,3,12,NRL
Sharks,4,94,68,26,2021,4,8,NRL
Sharks,4,112,94,18,2021,5,9,NRL
Sharks,4,134,120,14,2021,6,11,NRL
Sharks,4,146,138,8,2021,7,13,NRL
Sharks,4,160,178,-18,2021,8,13,NRL
Sharks,4,160,226,-66,2021,9,13,NRL
Sharks,0,19,24,-5,2022,1,11,NRL
Sharks,2,37,40,-3,2022,2,10,NRL
Sharks,4,73,52,21,2022,3,3,NRL
Sharks,6,91,52,39,2022,4,4,NRL
Sharks,8,121,56,65,2022,5,2,NRL
Sharks,8,139,90,49,2022,6,3,NRL
Sharks,10,173,112,61,2022,7,4,NRL
Sharks,10,180,128,52,2022,8,4,NRL
Sharks,12,209,138,71,2022,9,4,NRL
Sharks,0,18,27,-9,2023,1,14,NRL
Sharks,2,48,53,-5,2023,2,10,NRL
Sharks,2,68,77,-9,2023,3,12,NRL
Sharks,4,108,85,23,2023,4,6,NRL
Sharks,4,138,117,21,2023,5,12,NRL
Sharks,6,138,117,21,2023,6,11,NRL
Sharks,8,160,129,31,2023,7,6,NRL
Sharks,10,193,149,44,2023,8,5,NRL
Sharks,12,237,155,82,2023,9,2,NRL
Sharks,2,16,12,4,2024,1,8,NRL
Sharks,4,41,18,23,2024,2,3,NRL
Sharks,4,47,50,-3,2024,3,10,NRL
Sharks,6,83,72,11,2024,4,4,NRL
Sharks,8,83,72,11,2024,5,4,NRL
Sharks,10,117,94,23,2024,6,1,NRL
Sharks,12,159,100,59,2024,7,1,NRL
Sharks,14,199,100,99,2024,8,1,NRL
Sharks,16,219,110,109,2024,9,1,NRL
Sharks,0,22,28,-6,2025,1,12,NRL
Sharks,2,58,40,18,2025,2,8,NRL
Sharks,4,85,52,33,2025,3,10,NRL
Sharks,4,91,72,19,2025,4,10,NRL
Sharks,4,111,96,15,2025,5,10,NRL
Sharks,6,135,114,21,2025,6,9,NRL
Sharks,8,169,128,41,2025,7,6,NRL
Sharks,8,187,148,39,2025,8,7,NRL
Sharks,10,215,166,49,2025,9,6,NRL
Sharks,2,50,10,40,2026,1,2,NRL
Sharks,2,56,36,20,2026,2,7,NRL
Sharks,2,66,74,-8,2026,3,10,NRL
Sharks,4,100,96,4,2026,4,9,NRL
Sharks,6,136,118,18,2026,5,6,NRL
Sharks,6,158,152,6,2026,6,10,NRL
Sharks,8,158,152,6,2026,7,7,NRL
Sharks,8,158,152,6,2026,8,7,NRL
Sharks,8,158,152,6,2026,9,7,NRL
Sharks,10,256,244,12,2026,10,10,NRL
Sharks,12,294,260,34,2026,11,9,NRL
Sharks,14,294,260,34,2026,12,9,NRL
Storm,2,18,16,2,2016,1,8,NRL
Storm,4,52,32,20,2016,2,5,NRL
Storm,6,73,46,27,2016,3,1,NRL
Storm,6,79,60,19,2016,4,3,NRL
Storm,8,97,74,23,2016,5,2,NRL
Storm,8,109,92,17,2016,6,6,NRL
Storm,10,128,110,18,2016,7,5,NRL
Storm,12,170,110,60,2016,8,3,NRL
Storm,14,208,110,98,2016,9,3,NRL
Storm,2,12,6,6,2017,1,6,NRL
Storm,4,38,16,22,2017,2,2,NRL
Storm,6,52,28,24,2017,3,1,NRL
Storm,8,74,42,32,2017,4,2,NRL
Storm,10,102,48,54,2017,5,1,NRL
Storm,10,104,59,45,2017,6,2,NRL
Storm,12,134,85,49,2017,7,2,NRL
Storm,14,154,99,55,2017,8,1,NRL
Storm,16,188,121,67,2017,9,1,NRL
Storm,2,36,18,18,2018,1,2,NRL
Storm,2,44,28,16,2018,2,8,NRL
Storm,4,74,42,32,2018,3,4,NRL
Storm,4,78,56,22,2018,4,6,NRL
Storm,4,88,67,21,2018,5,9,NRL
Storm,6,128,81,47,2018,6,5,NRL
Storm,8,162,101,61,2018,7,5,NRL
Storm,10,212,111,101,2018,8,4,NRL
Storm,10,226,145,81,2018,9,4,NRL
Storm,2,22,12,10,2019,1,5,NRL
Storm,4,44,22,22,2019,2,4,NRL
Storm,6,76,24,52,2019,3,1,NRL
Storm,8,94,40,54,2019,4,1,NRL
Storm,10,112,52,60,2019,5,1,NRL
Storm,10,132,73,59,2019,6,1,NRL
Storm,12,145,85,60,2019,7,2,NRL
Storm,12,163,105,58,2019,8,4,NRL
Storm,14,227,115,112,2019,9,3,NRL
Storm,2,18,4,14,2020,1,3,NRL
Storm,4,30,14,16,2020,2,4,NRL
Storm,4,36,36,0,2020,3,8,NRL
Storm,6,58,44,14,2020,4,5,NRL
Storm,8,84,56,28,2020,5,3,NRL
Storm,8,98,77,21,2020,6,6,NRL
Storm,10,148,83,65,2020,7,4,NRL
Storm,12,175,108,67,2020,8,3,NRL
Storm,14,195,122,73,2020,9,3,NRL
Storm,2,26,18,8,2021,1,8,NRL
Storm,2,38,34,4,2021,2,9,NRL
Storm,2,48,46,2,2021,3,11,NRL
Storm,4,88,52,36,2021,4,7,NRL
Storm,6,140,70,70,2021,5,6,NRL
Storm,8,160,74,86,2021,6,4,NRL
Storm,10,202,94,108,2021,7,4,NRL
Storm,12,242,108,134,2021,8,5,NRL
Storm,14,292,108,184,2021,9,3,NRL
Storm,2,26,16,10,2022,1,4,NRL
Storm,4,41,30,11,2022,2,4,NRL
Storm,4,65,58,7,2022,3,5,NRL
Storm,6,109,58,51,2022,4,2,NRL
Storm,8,139,74,65,2022,5,3,NRL
Storm,10,173,92,81,2022,6,2,NRL
Storm,12,243,102,141,2022,7,2,NRL
Storm,14,293,104,189,2022,8,2,NRL
Storm,16,335,110,225,2022,9,1,NRL
Storm,2,16,12,4,2023,1,6,NRL
Storm,2,28,38,-10,2023,2,12,NRL
Storm,2,62,76,-14,2023,3,13,NRL
Storm,4,86,88,-2,2023,4,9,NRL
Storm,6,104,98,6,2023,5,6,NRL
Storm,8,132,106,26,2023,6,3,NRL
Storm,8,140,124,16,2023,7,7,NRL
Storm,10,170,146,24,2023,8,6,NRL
Storm,12,170,146,24,2023,9,4,NRL
Storm,2,8,0,8,2024,1,7,NRL
Storm,4,38,26,12,2024,2,5,NRL
Storm,4,50,40,10,2024,3,8,NRL
Storm,6,50,40,10,2024,4,5,NRL
Storm,8,84,72,12,2024,5,3,NRL
Storm,10,100,86,14,2024,6,2,NRL
Storm,12,118,98,20,2024,7,2,NRL
Storm,14,172,118,54,2024,8,2,NRL
Storm,16,194,138,56,2024,9,2,NRL
Storm,2,56,18,38,2025,1,1,NRL
Storm,4,56,18,38,2025,2,1,NRL
Storm,6,86,42,44,2025,3,1,NRL
Storm,6,94,56,38,2025,4,4,NRL
Storm,8,142,80,62,2025,5,3,NRL
Storm,10,184,94,90,2025,6,2,NRL
Storm,10,206,136,70,2025,7,2,NRL
Storm,12,230,152,78,2025,8,2,NRL
Storm,12,248,172,76,2025,9,4,NRL
Storm,2,52,4,48,2026,1,1,NRL
Storm,4,98,24,74,2026,2,1,NRL
Storm,4,112,42,70,2026,3,4,NRL
Storm,4,136,70,66,2026,4,7,NRL
Storm,4,146,120,26,2026,5,11,NRL
Storm,4,160,158,2,2026,6,13,NRL
Storm,4,182,184,-2,2026,7,15,NRL
Storm,4,182,184,-2,2026,8,15,NRL
Storm,4,182,184,-2,2026,9,15,NRL
Storm,6,242,276,-34,2026,10,15,NRL
Storm,8,276,284,-8,2026,11,13,NRL
Storm,8,296,314,-18,2026,12,15,NRL
Tigers,2,34,26,8,2016,1,6,NRL
Tigers,4,70,48,22,2016,2,4,NRL
Tigers,4,88,78,10,2016,3,8,NRL
Tigers,4,88,86,2,2016,4,10,NRL
Tigers,4,114,120,-6,2016,5,11,NRL
Tigers,4,130,138,-8,2016,6,11,NRL
Tigers,4,148,157,-9,2016,7,14,NRL
Tigers,4,154,217,-63,2016,8,14,NRL
Tigers,6,184,239,-55,2016,9,13,NRL
Tigers,2,34,18,16,2017,1,2,NRL
Tigers,2,36,54,-18,2017,2,12,NRL
Tigers,2,42,100,-58,2017,3,16,NRL
Tigers,2,56,122,-66,2017,4,16,NRL
Tigers,2,62,150,-88,2017,5,16,NRL
Tigers,4,88,166,-78,2017,6,14,NRL
Tigers,4,110,192,-82,2017,7,14,NRL
Tigers,6,128,204,-76,2017,8,13,NRL
Tigers,6,144,226,-82,2017,9,14,NRL
Tigers,2,10,8,2,2018,1,6,NRL
Tigers,4,20,16,4,2018,2,4,NRL
Tigers,4,27,25,2,2018,3,6,NRL
Tigers,6,57,45,12,2018,4,4,NRL
Tigers,8,68,55,13,2018,5,4,NRL
Tigers,10,106,67,39,2018,6,4,NRL
Tigers,10,126,89,37,2018,7,4,NRL
Tigers,10,148,113,35,2018,8,5,NRL
Tigers,10,152,139,13,2018,9,7,NRL
Tigers,2,20,6,14,2019,1,3,NRL
Tigers,4,54,12,42,2019,2,1,NRL
Tigers,4,62,34,28,2019,3,4,NRL
Tigers,4,70,43,27,2019,4,6,NRL
Tigers,6,92,59,33,2019,5,5,NRL
Tigers,6,98,110,-12,2019,6,9,NRL
Tigers,8,128,124,4,2019,7,7,NRL
Tigers,8,140,166,-26,2019,8,9,NRL
Tigers,10,170,170,0,2019,9,6,NRL
Tigers,2,24,14,10,2020,1,4,NRL
Tigers,2,48,56,-8,2020,2,9,NRL
Tigers,4,76,72,4,2020,3,7,NRL
Tigers,4,99,100,-1,2020,4,9,NRL
Tigers,4,105,114,-9,2020,5,9,NRL
Tigers,6,141,134,7,2020,6,9,NRL
Tigers,8,175,140,35,2020,7,6,NRL
Tigers,8,187,159,28,2020,8,8,NRL
Tigers,8,197,177,20,2020,9,8,NRL
Tigers,0,12,30,-18,2021,1,14,NRL
Tigers,0,18,70,-52,2021,2,15,NRL
Tigers,2,42,90,-48,2021,3,13,NRL
Tigers,2,64,126,-62,2021,4,13,NRL
Tigers,2,94,160,-66,2021,5,13,NRL
Tigers,2,108,178,-70,2021,6,15,NRL
Tigers,2,114,218,-104,2021,7,14,NRL
Tigers,4,130,226,-96,2021,8,14,NRL
Tigers,4,158,262,-104,2021,9,15,NRL
Tigers,0,16,26,-10,2022,1,13,NRL
Tigers,0,20,52,-32,2022,2,15,NRL
Tigers,0,32,68,-36,2022,3,16,NRL
Tigers,0,38,76,-38,2022,4,16,NRL
Tigers,0,42,106,-64,2022,5,16,NRL
Tigers,2,63,126,-63,2022,6,15,NRL
Tigers,4,86,148,-62,2022,7,13,NRL
Tigers,4,92,160,-68,2022,8,13,NRL
Tigers,4,114,196,-82,2022,9,13,NRL
Tigers,0,10,22,-12,2023,1,16,NRL
Tigers,0,22,36,-14,2023,2,17,NRL
Tigers,0,44,62,-18,2023,3,17,NRL
Tigers,0,56,86,-30,2023,4,17,NRL
Tigers,0,68,132,-64,2023,5,17,NRL
Tigers,0,90,160,-70,2023,6,17,NRL
Tigers,2,90,160,-70,2023,7,17,NRL
Tigers,2,106,182,-76,2023,8,17,NRL
Tigers,4,118,190,-72,2023,9,17,NRL
Tigers,2,0,0,0,2024,1,9,NRL
Tigers,2,12,32,-20,2024,2,12,NRL
Tigers,4,44,38,6,2024,3,9,NRL
Tigers,6,61,54,7,2024,4,6,NRL
Tigers,6,77,80,-3,2024,5,9,NRL
Tigers,6,89,104,-15,2024,6,12,NRL
Tigers,6,95,126,-31,2024,7,13,NRL
Tigers,6,105,160,-55,2024,8,15,NRL
Tigers,6,119,182,-63,2024,9,15,NRL
Tigers,0,8,10,-2,2025,1,11,NRL
Tigers,2,40,16,24,2025,2,7,NRL
Tigers,4,70,34,36,2025,3,9,NRL
Tigers,4,94,60,34,2025,4,9,NRL
Tigers,4,118,106,12,2025,5,11,NRL
Tigers,6,138,110,28,2025,6,7,NRL
Tigers,6,160,148,12,2025,7,12,NRL
Tigers,8,180,166,14,2025,8,9,NRL
Tigers,10,214,194,20,2025,9,8,NRL
Tigers,2,0,0,0,2026,1,9,NRL
Tigers,4,44,16,28,2026,2,5,NRL
Tigers,4,60,36,24,2026,3,5,NRL
Tigers,6,92,50,42,2026,4,3,NRL
Tigers,8,114,70,44,2026,5,2,NRL
Tigers,10,156,92,64,2026,6,2,NRL
Tigers,10,176,113,63,2026,7,3,NRL
Tigers,10,176,113,63,2026,8,3,NRL
Tigers,10,176,113,63,2026,9,3,NRL
Tigers,12,235,223,12,2026,10,6,NRL
Tigers,12,253,269,-16,2026,11,10,NRL
Tigers,14,253,269,-16,2026,12,10,NRL
Titans,2,30,12,18,2016,1,3,NRL
Titans,2,46,46,0,2016,2,9,NRL
Titans,4,76,64,12,2016,3,6,NRL
Titans,6,100,84,16,2016,4,4,NRL
Titans,6,116,108,8,2016,5,9,NRL
Titans,6,136,133,3,2016,6,9,NRL
Titans,6,150,152,-2,2016,7,9,NRL
Titans,6,170,173,-3,2016,8,10,NRL
Titans,6,170,211,-41,2016,9,12,NRL
Titans,0,18,32,-14,2017,1,14,NRL
Titans,0,44,66,-22,2017,2,14,NRL
Titans,2,70,80,-10,2017,3,14,NRL
Titans,2,96,112,-16,2017,4,12,NRL
Titans,2,118,140,-22,2017,5,14,NRL
Titans,2,134,182,-48,2017,6,15,NRL
Titans,2,156,206,-50,2017,7,15,NRL
Titans,4,172,218,-46,2017,8,15,NRL
Titans,6,210,226,-16,2017,9,12,NRL
Titans,2,30,28,2,2018,1,7,NRL
Titans,2,38,48,-10,2018,2,10,NRL
Titans,2,46,102,-56,2018,3,14,NRL
Titans,4,72,116,-44,2018,4,11,NRL
Titans,6,104,136,-32,2018,5,6,NRL
Titans,6,116,171,-55,2018,6,9,NRL
Titans,6,130,197,-67,2018,7,11,NRL
Titans,6,139,207,-68,2018,8,12,NRL
Titans,6,157,239,-82,2018,9,13,NRL
Titans,0,0,21,-21,2019,1,15,NRL
Titans,0,6,41,-35,2019,2,15,NRL
Titans,0,26,69,-43,2019,3,16,NRL
Titans,0,36,95,-59,2019,4,16,NRL
Titans,2,66,119,-53,2019,5,14,NRL
Titans,4,104,133,-29,2019,6,11,NRL
Titans,4,118,163,-45,2019,7,13,NRL
Titans,4,132,191,-59,2019,8,14,NRL
Titans,4,150,217,-67,2019,9,14,NRL
Titans,0,6,24,-18,2020,1,15,NRL
Titans,0,12,70,-58,2020,2,16,NRL
Titans,0,18,106,-88,2020,3,16,NRL
Titans,2,46,129,-83,2020,4,15,NRL
Titans,2,58,161,-103,2020,5,16,NRL
Titans,2,66,181,-115,2020,6,16,NRL
Titans,4,96,193,-97,2020,7,13,NRL
Titans,4,106,233,-127,2020,8,15,NRL
Titans,6,122,245,-123,2020,9,15,NRL
Titans,0,6,19,-13,2021,1,11,NRL
Titans,2,34,35,-1,2021,2,10,NRL
Titans,4,78,43,35,2021,3,4,NRL
Titans,4,82,63,19,2021,4,9,NRL
Titans,6,124,79,45,2021,5,7,NRL
Titans,6,124,115,9,2021,6,7,NRL
Titans,6,154,155,-1,2021,7,7,NRL
Titans,6,182,191,-9,2021,8,8,NRL
Titans,8,218,219,-1,2021,9,7,NRL
Titans,0,28,32,-4,2022,1,10,NRL
Titans,2,48,50,-2,2022,2,9,NRL
Titans,2,70,74,-4,2022,3,10,NRL
Titans,4,78,80,-2,2022,4,9,NRL
Titans,4,98,106,-8,2022,5,10,NRL
Titans,4,116,132,-16,2022,6,10,NRL
Titans,4,120,162,-42,2022,7,12,NRL
Titans,4,124,180,-56,2022,8,12,NRL
Titans,4,140,224,-84,2022,9,14,NRL
Titans,2,22,10,12,2023,1,2,NRL
Titans,2,40,42,-2,2023,2,8,NRL
Titans,4,78,76,2,2023,3,6,NRL
Titans,4,90,100,-10,2023,4,11,NRL
Titans,6,90,100,-10,2023,5,9,NRL
Titans,8,110,118,-8,2023,6,6,NRL
Titans,8,136,161,-25,2023,7,10,NRL
Titans,8,162,189,-27,2023,8,10,NRL
Titans,10,188,199,-11,2023,9,10,NRL
Titans,0,4,28,-24,2024,1,16,NRL
Titans,2,4,28,-24,2024,2,13,NRL
Titans,2,4,60,-56,2024,3,16,NRL
Titans,2,18,90,-72,2024,4,17,NRL
Titans,2,40,125,-85,2024,5,16,NRL
Titans,2,60,146,-86,2024,6,16,NRL
Titans,2,90,180,-90,2024,7,17,NRL
Titans,4,117,204,-87,2024,8,16,NRL
Titans,4,137,226,-89,2024,9,16,NRL
Titans,2,0,0,0,2025,1,9,NRL
Titans,2,24,40,-16,2025,2,12,NRL
Titans,4,50,46,4,2025,3,6,NRL
Titans,6,80,58,22,2025,4,5,NRL
Titans,6,90,94,-4,2025,5,8,NRL
Titans,6,106,132,-26,2025,6,11,NRL
Titans,6,126,162,-36,2025,7,13,NRL
Titans,6,144,212,-68,2025,8,14,NRL
Titans,6,162,250,-88,2025,9,16,NRL
Titans,0,10,50,-40,2026,1,16,NRL
Titans,0,24,68,-44,2026,2,17,NRL
Titans,0,40,98,-58,2026,3,17,NRL
Titans,2,62,112,-50,2026,4,16,NRL
Titans,2,74,138,-64,2026,5,15,NRL
Titans,4,126,148,-22,2026,6,14,NRL
Titans,4,146,176,-30,2026,7,16,NRL
Titans,4,146,176,-30,2026,8,16,NRL
Titans,4,146,176,-30,2026,9,16,NRL
Titans,6,170,232,-62,2026,10,16,NRL
Titans,6,182,268,-86,2026,11,16,NRL
Titans,6,192,280,-88,2026,12,16,NRL
Warriors,0,26,34,-8,2016,1,11,NRL
Warriors,0,36,59,-23,2016,2,12,NRL
Warriors,0,50,80,-30,2016,3,15,NRL
Warriors,2,90,98,-8,2016,4,13,NRL
Warriors,4,122,126,-4,2016,5,10,NRL
Warriors,4,140,160,-20,2016,6,13,NRL
Warriors,6,164,180,-16,2016,7,11,NRL
Warriors,6,164,222,-58,2016,8,13,NRL
Warriors,8,190,232,-42,2016,9,9,NRL
Warriors,2,26,22,4,2017,1,8,NRL
Warriors,2,36,48,-12,2017,2,11,NRL
Warriors,2,48,72,-24,2017,3,15,NRL
Warriors,2,60,98,-38,2017,4,14,NRL
Warriors,4,88,120,-32,2017,5,13,NRL
Warriors,6,110,130,-20,2017,6,10,NRL
Warriors,6,118,150,-32,2017,7,12,NRL
Warriors,6,132,170,-38,2017,8,12,NRL
Warriors,8,146,183,-37,2017,9,11,NRL
Warriors,2,32,20,12,2018,1,3,NRL
Warriors,4,52,28,24,2018,2,2,NRL
Warriors,6,72,47,25,2018,3,2,NRL
Warriors,8,102,53,49,2018,4,2,NRL
Warriors,10,124,65,59,2018,5,2,NRL
Warriors,10,142,92,50,2018,6,3,NRL
Warriors,12,162,104,58,2018,7,2,NRL
Warriors,12,172,154,18,2018,8,3,NRL
Warriors,14,198,158,40,2018,9,2,NRL
Warriors,2,40,6,34,2019,1,1,NRL
Warriors,2,46,40,6,2019,2,8,NRL
Warriors,2,58,86,-28,2019,3,12,NRL
Warriors,4,84,96,-12,2019,4,9,NRL
Warriors,4,108,124,-16,2019,5,10,NRL
Warriors,4,118,141,-23,2019,6,10,NRL
Warriors,4,130,154,-24,2019,7,12,NRL
Warriors,4,148,190,-42,2019,8,12,NRL
Warriors,6,174,208,-34,2019,9,12,NRL
Warriors,0,0,20,-20,2020,1,16,NRL
Warriors,0,6,40,-34,2020,2,15,NRL
Warriors,2,24,40,-16,2020,3,12,NRL
Warriors,2,24,66,-42,2020,4,14,NRL
Warriors,4,61,92,-31,2020,5,11,NRL
Warriors,4,73,132,-59,2020,6,13,NRL
Warriors,4,79,182,-103,2020,7,14,NRL
Warriors,6,105,198,-93,2020,8,12,NRL
Warriors,6,117,214,-97,2020,9,13,NRL
Warriors,2,19,6,13,2021,1,6,NRL
Warriors,2,35,26,9,2021,2,7,NRL
Warriors,4,69,57,12,2021,3,9,NRL
Warriors,4,81,89,-8,2021,4,11,NRL
Warriors,4,93,102,-9,2021,5,10,NRL
Warriors,6,113,116,-3,2021,6,8,NRL
Warriors,6,133,158,-25,2021,7,9,NRL
Warriors,8,157,178,-21,2021,8,7,NRL
Warriors,8,189,216,-27,2021,9,8,NRL
Warriors,0,16,28,-12,2022,1,14,NRL
Warriors,0,34,48,-14,2022,2,14,NRL
Warriors,2,50,60,-10,2022,3,12,NRL
Warriors,4,70,66,4,2022,4,7,NRL
Warriors,6,95,90,5,2022,5,7,NRL
Warriors,6,109,112,-3,2022,6,9,NRL
Warriors,6,119,182,-63,2022,7,11,NRL
Warriors,8,140,202,-62,2022,8,11,NRL
Warriors,8,150,231,-81,2022,9,10,NRL
Warriors,2,20,12,8,2023,1,5,NRL
Warriors,2,32,32,0,2023,2,7,NRL
Warriors,4,58,44,14,2023,3,4,NRL
Warriors,6,74,58,16,2023,4,4,NRL
Warriors,8,106,88,18,2023,5,2,NRL
Warriors,8,130,122,8,2023,6,5,NRL
Warriors,10,152,136,16,2023,7,3,NRL
Warriors,10,174,166,8,2023,8,7,NRL
Warriors,10,174,180,-6,2023,9,8,NRL
Warriors,0,12,16,-4,2024,1,10,NRL
Warriors,0,38,46,-8,2024,2,14,NRL
Warriors,2,56,56,0,2024,3,11,NRL
Warriors,4,76,68,8,2024,4,10,NRL
Warriors,6,110,72,38,2024,5,6,NRL
Warriors,7,132,94,38,2024,6,7,NRL
Warriors,7,144,124,20,2024,7,10,NRL
Warriors,7,168,151,17,2024,8,12,NRL
Warriors,7,176,165,11,2024,9,14,NRL
Warriors,0,8,30,-22,2025,1,14,NRL
Warriors,2,44,46,-2,2025,2,11,NRL
Warriors,4,58,52,6,2025,3,11,NRL
Warriors,6,84,76,8,2025,4,6,NRL
Warriors,8,84,76,8,2025,5,4,NRL
Warriors,8,98,118,-20,2025,6,6,NRL
Warriors,10,118,136,-18,2025,7,4,NRL
Warriors,12,144,148,-4,2025,8,4,NRL
Warriors,14,174,174,0,2025,9,3,NRL
Warriors,2,42,18,24,2026,1,4,NRL
Warriors,4,82,24,58,2026,2,2,NRL
Warriors,6,120,36,84,2026,3,1,NRL
Warriors,6,134,68,66,2026,4,2,NRL
Warriors,6,156,104,52,2026,5,5,NRL
Warriors,8,194,118,76,2026,6,3,NRL
Warriors,10,222,138,84,2026,7,2,NRL
Warriors,10,222,138,84,2026,8,2,NRL
Warriors,10,222,138,84,2026,9,2,NRL
Warriors,16,278,170,108,2026,10,2,NRL
Warriors,18,320,182,138,2026,11,2,NRL
Warriors,20,350,194,156,2026,12,2,NRL
Panthers,26,437,164,273,2026,14,1,NRL
Warriors,22,368,214,154,2026,14,2,NRL
Roosters,20,323,250,73,2026,14,3,NRL
Eagles,18,367,250,117,2026,14,4,NRL
Dolphins,18,330,253,77,2026,14,5,NRL
Sharks,18,356,294,62,2026,14,6,NRL
Knights,18,370,338,32,2026,14,7,NRL
Rabbitohs,16,338,294,44,2026,14,8,NRL
Cowboys,16,343,356,-13,2026,14,9,NRL
Tigers,16,275,353,-78,2026,14,10,NRL
Storm,12,346,348,-2,2026,14,11,NRL
Broncos,12,275,341,-66,2026,14,12,NRL
Bulldogs,12,233,330,-97,2026,14,13,NRL
Raiders,12,249,347,-98,2026,14,14,NRL
Titans,10,220,303,-83,2026,14,15,NRL
Eels,10,269,421,-152,2026,14,16,NRL
Dragons,4,184,427,-243,2026,14,17,NRL
Panthers,28,437,164,273,2026,15,1,NRL
Warriors,22,376,224,152,2026,15,2,NRL
Eagles,20,367,250,117,2026,15,3,NRL
Dolphins,20,378,263,115,2026,15,4,NRL
Sharks,20,366,302,64,2026,15,5,NRL
Roosters,20,333,298,35,2026,15,6,NRL
Knights,20,370,338,32,2026,15,7,NRL
Rabbitohs,18,386,300,86,2026,15,8,NRL
Cowboys,18,343,356,-13,2026,15,9,NRL
Tigers,18,311,381,-70,2026,15,10,NRL
Storm,14,346,348,-2,2026,15,11,NRL
Bulldogs,14,233,330,-97,2026,15,12,NRL
Raiders,12,261,362,-101,2026,15,13,NRL
Broncos,12,281,389,-108,2026,15,14,NRL
Eels,12,284,433,-149,2026,15,15,NRL
Titans,10,248,339,-91,2026,15,16,NRL
Dragons,6,184,427,-243,2026,15,17,NRL
