player_id,firstname,surname
30035,Corey,Parker
30191,Jamie,Lyon
30525,Paul,Gallen
30545,Luke,Lewis
30597,Nathan,Friend
30617,Greg,Bird
30665,Cameron,Smith
30698,Johnathan,Thurston
30770,David,Shillington
30777,Chris,Heighington
30779,Billy,Slater
30781,Ryan,Hoffman
30785,Ian,Henderson
30804,Thomas,Leuluai
30805,Frank,Pritchard
30822,Dene,Halatau
30823,Robbie,Farah
30833,Sam,Thaiday
30834,Matt,Ballin
30835,Ben,Hannant
30837,Jacob,Lillyman
30842,Ben,Creagh
30849,Sonny Bill,Williams
30853,Michael,Ennis
30855,Brett,Stewart
30862,Benji,Marshall
30884,Karmichael,Hunt
30892,Jeff,Robson
30899,Anthony,Tupou
30910,Jeff,Lima
30914,Cooper,Cronk
30927,Manu,Vatuvei
30931,Feleti,Mateo
30941,Sam,Perrett
30944,John,Sutton
30946,Matthew,Scott
30967,Mitchell,Aubusson
30973,Adam,Blair
30978,Mitch,Brown
30979,Tim,Browne
30985,Will,Chambers
30994,Isaac,De Gois
30997,Luke,Douglas
31011,Michael,Gordon
31015,Tim,Grant
31016,Blake,Green
31021,Aidan,Guerra
31025,Jarryd,Hayne
31031,Albert,Hopoate
31036,Greg,Inglis
31039,Michael,Jennings
31049,Shaun,Kenny-Dowall
31053,Rory,Kostjasyn
31063,Sione,Lousi
31065,Issac,Luke
31067,Simon,Mannering
31071,Steve,Matai
31073,Ben,Matulino
31076,Josh,McCrone
31087,Brett,Morris
31088,Josh,Morris
31090,Jarrod,Mullen
31091,Nate,Myles
31096,Dane,Nielson
31097,Jason,Nightingale
31098,Frank-Paul,Nu'uausala
31102,Russell,Packer
31104,Mickey,Paea
31108,Junior,Paulo
31111,Mitchell,Pearce
31113,Eddy,Pettybourne
31118,Matt,Prior
31119,Kevin,Proctor
31135,Beau,Scott
31145,Kade,Snowden
31146,Iosia,Soliola
31148,Jamie,Soward
31149,Chase,Stanley
31151,Sam,Tagataese
31152,Zeb,Taia
31157,Elijah,Taylor
31160,Luke,Thompson
31164,Aiden,Tolman
31172,Jared,Waerea-Hargreaves
31177,Dean,Whare
31179,Matt,White
31180,Danny,Wicks
31186,William,Zillman
31187,Jeremy,Smith
31188,Darius,Boyd
31190,Greg,Eastwood
31197,David,Taylor
31198,Peter,Wallace
31199,Leeson,Ah Mau
31205,Reece,Robinson
31217,Scott,Bolton
31220,Ben,Te'o
31221,Chris,Lawrence
31227,Gavin,Cooper
31235,Bryson,Goodwin
31244,Joseph,Paulo
31245,Akuila,Uate
31246,Joel,Thompson
31249,Sam,Moa
31254,Anthony,Cherrington
31255,Andrew,McCullough
31256,Sam,McKendry
31259,Jayson,Bukuya
31262,Josh,Hoffman
31264,Frank,Winterstein
31266,Tony,Williams
31274,Wade,Graham
31277,Will,Matthews
31279,Jake,Friend
31282,Lachlan,Coote
31284,Jordan,Rapana
31287,Ben,Barba
31289,Jordan,Rankin
31292,Jamal,Idris
31300,James,Graham
31418,David,Mead
31422,Chris,McQueen
31423,Alex,Glenn
31426,Blake,Ayshford
31428,Jeremy,Latimore
31430,Josh,McGuire
31432,James,Maloney
31433,Trent,Hodkinson
31435,Ben,Hunt
31436,Gerard,Beale
31437,Tim,Mannah
31439,Antonio,Winterstein
31442,Blake,Ferguson
31444,James,Tamou
31448,Jarrod,Croker
31450,Travis,Waddell
31451,Trent,Merrin
31452,Lewis,Brown
31453,Josh,Dugan
31455,Matthew,Wright
31456,Shaun,Fensom
31460,Bodene,Thompson
31463,Daniel,Mortimer
31466,Tom,Symonds
31468,Dale,Copley
31469,Jonathan,Wright
31475,Kieran,Foran
31476,Sandor,Earl
31477,Dave,Tyrrell
31479,Daniel,Vidot
31482,Luke,Kelly
31492,Jason,Clark
31494,David,Gower
31496,Ray,Thompson
31499,Sam,Burgess
31504,Ryan,Hall
31526,Kurt,Baptiste
31530,Matt,Gillett
31532,Dunamis,Lui
31533,Corey,Norman
31535,Tariq,Sims
31546,Sam,Mataora
31553,Will,Hopoate
31554,Darcy,Lussick
31555,Daly,Cherry-Evans
31556,Jesse,Bromwich
31561,Justin,O'Neill
31563,Gareth,Widdop
31565,Joel,Edwards
31568,Kevin,Naiqama
31574,Andrew,Fifita
31575,David,Fifita
31581,Aaron,Woods
31586,Cheyse,Blair
31587,Boyd,Cordner
31590,Joey,Leilua
31591,Kane,Linnett
31593,Brad,Takairangi
31596,Jake,Marketo
31602,Albert,Kelly
31606,Siosaia,Vave
31612,Jamie,Buhrer
31613,Martin,Taupau
31618,Michael,Morgan
31619,Kalifa,Faifai Loa
31621,Ryan,James
31622,Robbie,Rochow
31625,Mitchell,Allgood
31629,Michael,Oldfield
31634,Cameron,King
31635,Ben,Murdoch-Masila
31666,Mitchell,Frei
31667,Dane,Gagai
31668,Jordan,Kahu
31669,Jack,Reed
31674,Jarrad,Kennedy
31676,Mark,Nicholls
31677,Josh,Papali'i
31679,Sam,Kasiano
31682,Ryan,Simpkins
31688,Peter,Mata'utia
31689,Zane,Tetevano
31691,Blake,Leary
31693,James,Segeyaro
31704,George,Burgess
31705,Jack,Stockwell
31706,Mitch,Rein
31713,Shaun,Johnson
31717,Pat,Politoni
31721,Ricky,Leutele
31723,Brenton,Lawrence
31730,Ryan,Morgan
31731,Sam,Williams
31741,Pita,Godinet
31744,Timoteo,Lafai
31745,Nathan,Peats
31747,Tyrone,Roberts
31748,Ken,Sio
31750,James,Roberts
31752,Justin,Hunt
31755,Josh,Reynolds
31756,Tyson,Frizell
31759,Chad,Townsend
31760,Tim,Simona
31764,Luke,Burgess
31765,Jack,de Belin
31768,Jason,Taumalolo
31769,Blake,Austin
31770,Adam,Reynolds
31771,Aidan,Sezer
31774,Anthony,Don
31775,Ben,Hampton
31776,Ben,Henry
31782,Chanel,Mata'utia
31783,Chris,Adams
31784,Cody,Nelson
31786,Dale,Finucane
31793,Jack,Wighton
31794,James,Gavet
31797,Jarrod,Wallace
31799,Jordan,McLean
31800,Jorge,Taufua
31801,Josh,Jackson
31803,Kane,Evans
31804,Kenny,Bromwich
31805,Konrad,Hurrell
31806,Korbin,Sims
31807,Lachlan,Maranta
31810,Mahe,Fonua
31814,Matt,McIlwrick
31816,Michael,Chee Kam
31820,Nathan,Green
31823,Paul,Vaughan
31824,Peni,Terepo
31828,Sam,Hoare
31833,Shannon,Boyd
31835,Siosiua,Taukeiaho
31836,Slade,Griffin
31837,Sosaia,Feki
31838,Tohu,Harris
31840,Tyrone,Peachey
31844,Will,Smith
31846,Isaac,Liu
31847,Tautau,Moga
31849,James,Tedesco
31850,John,Palavi
31852,Josh,Starling
31853,Josh,Mansour
31854,Edrick,Lee
31855,Curtis,Sironen
31860,Roger,Tuivasa-Sheck
31862,Marika,Koroibete
31865,Tom,Eisenhuth
31867,Daniel,Tupou
31868,David,Klemmer
31869,Leilani,Latu
31873,Chris,Grevsmuhl
31874,Felise,Kaufusi
31876,Ethan,Lowe
31877,Curtis,Rona
31878,Kyle,Feldt
31881,Jahrome,Hughes
31885,Tim,Glasby
31886,Kirisome,Auva'a
31888,Kurt,Mann
31890,Young,Tonumaipea
31894,Tyler,Randell
31895,Nathan,Ross
31896,Paterika,Vaivai
31897,Matt,Eisenhuth
31898,Kenny,Edwards
31901,Semi,Radradra
31902,Brayden,Wiliame
31903,Vai,Toutai
31911,Luke,Keary
31912,Api,Koroisau
31915,Tom,Burgess
31917,Damien,Cook
31921,Adam,Quinlan
31924,Dylan,Napa
31926,Cameron,Cullen
31928,Jake,Granville
31930,Corey,Oates
31932,Francis,Molo
990750,Dylan,Walker
990973,Kyle,Turner
991236,Ashley,Taylor
991249,Jai,Arrow
991252,Jayden,Berrell
991253,Joe,Ofahengaue
991256,Kodi,Nikorima
991257,Kurt,Capewell
991264,Tom,Opacic
991267,Adam,Elliott
991272,Danny,Fualalo
991280,Herman,Ese'ese
991282,Jaelen,Feeney
991288,Lloyd,Perrett
991290,Makahesi,Makatoa
991293,Moses,Mbye
991295,Pio,Seci
991300,Lachlan,Burr
991301,Paul,Carter
991305,Edward,Murphy
991307,Anthony,Milford
991310,Brenko,Lee
991319,Jonathon,Reuben
991324,Matt,Frawley
991325,Mitchell,Barnett
991326,Mitchell,Cornish
991328,Patrick,Mago
991338,Matthew,Allwood
991347,Corey,Jensen
991357,Javid,Bowen
991364,Patrick,Kaufusi
991375,Zac,Santo
991379,Hymel,Hunt
991386,Jamal,Fogarty
991388,Kane,Elgey
991409,Jacob,Gagan
991411,Peta,Hiku
991413,Ligi,Sao
991414,Jesse,Sene-Lefao
991420,Clint,Gutherson
991421,Matt,Ikuvalu
991433,Will,Pearsall
991438,Jake,Trbojevic
991442,Dean,Britt
991443,Billy,Brittain
991452,Richard,Kennar
991453,Rhys,Kennedy
991459,Matt,Lodge
991471,Francis,Tualau
991474,Christian,Welch
991478,Adam,Clydsdale
991487,Jake,Mamo
991490,Pat,Mata'utia
991497,Joseph,Tapine
991500,Daniel,Alvaro
991506,Zach,Dockar-Clay
991507,John,Folau
991509,Jordan,Grant
991512,Tui,Kamikamica
991519,Ryan,Matterson
991523,Tepai,Moeroa
991525,Pauli,Pauli
991526,Kaysa,Pritchard
991529,Kelepi,Tanginoa
991536,Reagan,Campbell-Gillard
991537,Bryce,Cartwright
991543,George,Jennings
991545,Kierran,Moseley
991550,Chris,Smith
991557,Dallin,Watene-Zelezniak
991559,Michael,Lichaa
991564,Fa'amanu,Brown
991572,Kurt,Dillon
991587,Scott,Sorensen
991595,Jack,Gosiewski
991596,Aaron,Gray
991600,Alex,Johnston
991606,Cameron,McInnes
991610,Tyrone,Phillips
991638,Craig,Garvey
991647,Sitiveni,Moceidreke
991660,John,Asiata
991663,Tyler,Cornish
991664,Brendan,Elliot
991667,Nene,Macdonald
991669,Rhyse,Martin
991678,David,Bhana
991680,Raymond,Faitala-Mariner
991682,David,Fusitu'a
991683,Siliva,Havili
991687,Mason,Lino
991696,Albert,Vete
991704,Agnatius,Paasi
991705,Suaia,Matagi
991711,Jack,Buchanan
991714,Asipeli,Fine
991717,David,Nofoaluma
991718,Ava,Seumanufagai
991720,Sauaso,Sue
991722,Luke,Brooks
991723,Manaia,Cherrington
991733,Delouise,Hoeter
991739,Kyle,Lovett
991742,Nathan,Milone
991743,Mitchell,Moses
991759,Charlie,Gubb
993085,Sitaleki,Akauola
993375,Matt,Moylan
995034,Zak,Hardaker
995043,Eloni,Vunakece
995052,Kallum,Watkins
995079,Tyrone,McCarthy
995175,Bureta,Faraimo
995274,Jack,Littlejohn
995276,Cameron,Munster
995278,Cody,Walker
995280,Mike,Cooper
995281,Jackson,Hastings
995297,Jamil,Hopoate
995647,Valentine,Holmes
995655,Anthony,Gelling
995664,John,Bateman
995665,George,Williams
995666,Dan,Sarginson
995670,Joe,Burgess
995671,Corey,Thompson
995672,Manu,Ma'u
995673,Isaah,Yeo
995675,Luke,Bateman
995678,Solomone,Kata
995679,Tuimoala,Lolohea
995794,Josh,Addo-Carr
995802,Luke,Garner
995805,Suliasi,Vunivalu
995808,Jake,Turpin
995809,Joe,Stimson
995810,Ben,Nakubuwai
995813,Luke,Yates
995815,Josh,Chudleigh
995828,Zane,Musgrove
995830,John,Olive
995837,Tom,Freebairn
995838,Matt,Dufty
995839,Addin,Fonua-Blake
995840,Toafofoa,Sipley
995850,Lindsay,Collins
995851,George,Fai
995856,Jayden,Nikorima
995861,Tevita,Pangai Junior
995875,Renouf,Atoni
995877,Royce,Hunt
995878,Shaun,Lane
995883,Patrice,Siolo
995886,Jayden,Brailey
995887,Aaron,Pene
995889,Jamayne,Isaako
995895,Brian,Kelly
995912,Liam,Knight
995915,Tom,Trbojevic
995921,Nelson,Asofa-Solomona
995932,Charnze,Nicoll-Klokstad
995940,Lachlan,Fitzgibbon
995942,Sione,Mata'utia
995944,Danny,Levi
995953,Viliame,Kikau
995954,Coen,Hess
995956,Nathan,Davis
995957,Joey,Lussick
995959,Josh,Aloiai
995970,Moses,Leota
995972,Brent,Naden
995973,Andy,Saunders
995976,Sione,Katoa
995979,Waqa,Blake
995984,Aaron,Booth
995988,Brock,Gray
995994,Bronson,Garlick
996003,Jack,Bird
996008,Luciano,Leilua
996012,Izaac,Tu'itupou Thompson
996013,Jacob,Host
996016,Euan,Aitken
996018,Adam,Clune
996022,Drew,Hutchison
996025,Ken,Maumalo
996028,Sam,Cook
996029,Sam,Lisone
996037,Watson,Heleta
996042,Jeremy,Marshall-King
996043,Te Maire,Martin
996051,Marion,Seve
996067,Braden,Hamlin-Uele
996069,Brad,Deitz
996073,Vincent,Leuluai
996075,Taane,Milne
996085,Jacob,Gagai
996089,Hame,Sele
996090,Brad,Abbey
996143,Corey,Harawira-Naera
996152,Josh,King
996161,Nathaniel,Roache
996162,James,Bell
996164,Bunty,Afoa
996341,Jazz,Tevaga
997381,Paul,Momirovski
997383,Ofahiki,Ogden
997563,Ata,Hingano
997762,Tautalatasi,Tasi
997794,Connor,Tracey
997797,Lachlan,Lewis
997798,Lachlan,Croker
997799,Jack,Williams
997833,Christian,Crichton
997836,Jesse,Ramien
997840,Nathaniel,Peteru
997913,Grant,Garvey
997936,Morgan,Boyle
997956,Nicho,Hynes
997958,Karl,Lawton
997970,Tyrell,Fuimaono
998057,Marcelo,Montoya
998301,Robert,Jennings
998416,Latrell,Mitchell
998432,Marata,Niukore
998433,Alex,Twal
998441,Ben,Spina
998460,James,Fisher-Harris
998505,Joseph,Manu
998516,Oliver,Clark
998526,Brock,Lamb
998573,Tyrone,May
998593,Jack,Cogger
998596,Poasa,Faamausili
998680,Soni,Luke
999039,Josh,Hodgson
999043,Elliott,Whitehead
999246,Greg,Eden
999247,Matt,Parcell
999251,Rory,O'Brien
999252,Abraham,Papalii
999459,Darren,Nicholls
999463,Angus,Crichton
999679,Joe,Greenwood
999838,Gideon,Gela-Mosby
999841,Kurt,De Luis
999894,Josh,Kerr
999903,Jacob,Saifiti
999904,Daniel,Saifiti
999910,Mitch,Dunn
999915,Kalyn,Ponga
999917,Brandon,Smith
999919,Tom,Amone
999923,Bevan,French
999926,Abbas,Miski
999929,Reimis,Smith
999942,Siosifa,Talakai
999947,Patrick,Herbert
999956,Erin,Clark
999969,JJ,Felise
999971,Jacob,Liddle
999972,Esan,Marsters
999976,Bayley,Sironen
999978,Tevita,Tatola
1000003,Nat,Butcher
1000006,Jaydn,Su'A
1000010,Jed,Cartwright
1000014,Kyle,Laybutt
1000016,Connor,Watson
1000023,Kaide,Ellis
1000031,Blake,Lawrie
1000038,Dylan,Edwards
1000251,Keegan,Hipgrave
1001179,Dylan,Phythian
1001180,Shaquai,Mitchell
1001234,Braidon,Burns
1001235,Nathan,Brown
1001373,Jonus,Pearson
1001424,Zac,Woolford
1001545,Reuben,Porter
1001546,Billy,Tsikrikas
1001577,Tyrone,Amey
1001586,Jayden,Okunbor
1001696,Troy,Dargan
1001736,Junior,Pauga
1002003,Billy,Bainbridge
1002004,Curtis,Scott
1002005,Billy,Magoulias
1002006,Daniel,Vasquez
1002007,Jack,Hetherington
1002028,Toby,Rudolf
1002031,Kalani,Going
1002057,Corey,Waddell
1002156,Tyronne,Roberts-Davis
1002211,Brad,Parker
1002504,Nathan,Cleary
1002528,Ray,Stone
1002561,Jarome,Luai
1002752,Sam,Stone
1002837,Jaimin,Jolliffe
1002839,Tom,Starling
1002866,Reuben,Garrick
1003060,Will,Kennedy
1003182,Brodie,Jones
1003451,Kerrod,Holland
1003668,Leivaha,Pulu
1003669,Tom,Wright
1003674,Cameron,Murray
1003773,Brodie,Croft
1003776,Shane,Wright
1003807,Morgan,Knowles
1003819,Oliver,Gildart
1003821,Ryan,Sutton
1004668,Cory,Denniss
1005688,Clay,Priest
1005771,Justin,Olam
1007392,Joe,Wardle
1007394,Adam,Keighran
1007398,Chris,Lewis
1007399,Nick,Meaney
1007401,Nick,Cotric
1007403,Ryley,Jacks
1007404,Taniela,Paseka
1007441,Jai,Field
1007443,Isaiah,Papali'i
1007454,Gehamat,Shibasaki
1007455,Paul,Roache
1007456,Scott,Drinkwater
1007457,Kyle,Flanagan
1007458,AJ,Brimson
1007459,Max,King
1007463,Malakai,Watene-Zelezniak
1007531,Victor,Radley
1007533,Moses,Suli
1007534,Joseph,Vuna
1008489,Enari,Tuala
1009175,Briton,Nikora
1009576,Phillip,Sami
1009970,Tevita,Satae
1010021,Campbell,Graham
1010190,Pasami,Saulo
1010562,Mikaele,Ravalawa
1010595,Jack,Johns
1010603,Adam,Doueihi
1010611,Lachlan,Lam
1010991,Payne,Haas
1010992,Jack,Murchie
1010993,Isaac,Lumelume
1010995,Blayke,Brailey
1010998,Jai,Whitbread
1011000,Kiah,Cooper
1011001,Tevita,Funa
1011002,Billy,Walters
1011003,Cooper,Johns
1011004,Harry,Grant
1011009,Ryan,Papenhuyzen
1011011,Tino,Fa'asuamaleuai
1011012,Zac,Hosking
1011013,Brayden,Musgrove
1011014,Jake,Clifford
1011015,Emry,Pere
1011016,Dane,Aukafolau
1011017,Jaeman,Salmon
1011018,Wayde,Egan
1011019,Jordan,Pereira
1011020,Reece,Robson
1011021,Steven,Marsters
1011022,Tristan,Sailor
1011023,Zac,Lomax
1011024,Jackson,Ford
1011025,Jesse,Arthars
1011028,Ky,Rodwell
1011029,Mawene,Hiroti
1011032,Dean,Hawkins
1011034,Sitili,Tupouniua
1011035,Sean,O'Sullivan
1011036,Josh,Curran
1011038,King,Vuniyayawa
1011039,Chanel,Harris-Tavita
1011040,Haze,Dunster
1011041,Tyson,Gamble
1012211,Liam,Martin
1012706,Moeaki,Fotuaika
1012925,Kotoni,Staggs
1013034,Emre,Guler
1013240,Reed,Mahoney
1013317,Billy,Smith
1013318,Manase,Fainu
1013449,Caleb,Aekins
1013450,Patrick,Carrigan
1013520,Sione,Katoa
1013613,Oregon,Kaufusi
1014350,David,Fifita
1014503,Phoenix,Crossland
1014504,Tom,Flegler
1014505,Tom,Dearden
1014508,Seb,Kris
1014509,Corey,Horsburgh
1014510,Hudson,Young
1014512,Zac,Saddler
1014513,Brandon,Wakeham
1014514,Bronson,Xerri
1014517,Cade,Cust
1014519,Beau,Fermor
1014520,Dan,Russell
1014522,Murray,Taulagi
1014524,Reuben,Cotter
1014525,Tom,Gilbert
1014526,Maika,Sivo
1014527,Dylan,Brown
1014528,Andrew,Davey
1014529,Stefano,Utoikamanu
1014531,Corey,Allan
1014532,Jason,Saab
1014534,Egan,Butcher
1014535,Sam,McIntyre
1014536,Thomas,Mikaele
1014567,Asu,Kepaoa
1015573,Bailey,Simonsson
1015574,JJ,Collins
1016083,Izaia,Perese
1016084,Peter,Hola
1016344,Sam,Verrills
1016793,Ronaldo,Mulitalo
1016995,Cory,Paix
1017153,Brian,To'o
1017273,Mitch,Kenny
1017275,Haumole,Olakau'atu
1017453,Keaon,Koloamatangi
1017544,Jackson,Frei
1018053,Xavier,Coates
1018094,Tex,Hoy
1018095,Herbie,Farnworth
1018096,Keenan,Palasia
1018244,Stephen,Crichton
1018245,Adam,Pompey
1018246,Tommy,Talau
1018247,Tanah,Boyd
1018248,Ethan,Parry
1018303,Spencer,Leniu
1018343,Jirah,Momoisea
1018344,Chris,Randall
1018345,Max,Bailey
1018383,Matt,Burton
1018384,Treymain,Spry
1018453,Sean,Keppie
1018454,Billy,Burns
1018455,Morgan,Harper
1018493,Tesi,Niu
1018494,Bradman,Best
1018533,Isaiah,Tass
1018534,Starford,To'a
1019536,Ethan,Bullemor
1019537,Jordan,Riki
1019538,Kobe,Hetherington
1019539,Pride,Petterson-Robati
1019540,Jake,Averillo
1019542,Tuipolotu,Katoa
1019544,James,Roumanos
1019545,Matt,Doorey
1019546,Hamiso,Tabuai-Fidow
1019547,Connelly,Lemuelu
1019548,Ben,Condon
1019550,Tuki,Simpkins
1019551,Wiremu,Greig
1019552,Jayden,Sullivan
1019553,Mat,Feagai
1019554,Max,Feagai
1019556,Eddie,Blacker
1019558,Samuel,Hughes
1019560,Mat,Croker
1019562,Brayden,McGrady
1019564,Shawn,Blore
1019565,Jaxson,Paulo
1019567,Harley,Smith-Shields
1019569,Jarrett,Subloo
1019570,Matthew,Timoko
1019571,Semi,Valemei
1019572,Dan,Keir
1019573,Darby,Medlyn
1019574,Kai,O'Donnell
1019576,Christian,Tuipolotu
1019578,Sam,Walker
1019580,Fletcher,Baker
1019581,Freddy,Lussick
1019582,Luca,Moretti
1019584,Luke,Metcalf
1019587,Braydon,Trindall
1019588,Jackson,Ferris
1019589,Teig,Wilton
1019590,Darryn,Schonig
1019591,Kelma,Tuilagi
1019592,Jock,Madden
1019593,Reece,Hoffman
1019594,Zachary,Cini
1019595,Alex,Seyfarth
1019596,Jake,Simpkin
1019597,Kane,Bradley
1019600,Hayze,Perham
1019601,Paul,Turner
1019602,Eliesa,Katoa
1019613,Jamayne,Taunoa-Brown
1019895,Brendon,Hands
1019897,Blake,Taaffe
1020463,Charlie,Staines
1020658,Lindsay,Smith
1020659,Daejarn,Asi
1021205,Tom,Ale
1021254,Josh,Schuster
1021284,Ben,Trbojevic
1021285,Cody,Ramsey
1021313,Toby,Sexton
1021314,Rocco,Berry
1021323,Adam,Cook
1021324,Ata,Mariota
1021325,Dean,Ieremia
1021326,Trent,Loiero
1021745,Dominic,Young
1021747,Harry,Rushton
1021748,Daniel,Suluka-Fifita
1021749,Joseph-Aukuso,Suaalii
1021750,Tolu,Koula
1021751,Franklin,Pele
1021752,Jensen,Taumoepeau
1021753,Jack,Howarth
1021754,Greg,Marzhew
1022033,Jackson,Topine
1022681,Tyson,Smoothy
1022682,Simi,Sasagi
1022684,J'maine,Hopgood
1022760,Tuku,Hau Tapuha
1023280,Griffin,Neame
1023281,Ben,Marschke
1023303,Taniela,Otukolo
1023443,Jesse,Marschke
1023463,Aaron,Schoupp
1023552,Will,Penisini
1023553,Reece,Walsh
1023577,Edward,Kosi
1023583,Talatau,Amone
1023613,Naufahu,Whyte
1023614,Jayden,Campbell
1023615,Brendan,Piakura
1023683,Jake,Arthur
1023703,Heilum,Luki
1023713,Jaiyden,Hunt
1023714,TC,Robati
1023715,Brad,Schneider
1023863,Selwyn,Cobbo
1023864,Izack,Tago
1023865,Elijah,Anderson
1023893,Sunia,Turuva
1023894,Kurt,Falls
1023974,Ben,Thomas
1023975,Peter,Mamouzelos
1024033,Tyrell,Sloan
1024034,Xavier,Savage
1024035,Sean,Russell
1024045,Daine,Laurie
1024143,Taylan,May
1024144,Falakiko,Manu
1024145,Bailey,Biondi-Odo
1024146,Chris,Patolo
1024167,Xavier,Willison
1024169,Trey,Mooney
1024170,Davvy,Moale
1024254,Moala,Graham-Taufa
1024255,Viliami,Vailea
1024313,Jeremiah,Nanai
1024314,Laitia,Moceidreke
1024393,Daniel,Atkinson
1024394,Samuel,Loizou
1024395,Lachlan,Ilias
1025363,Alofi'ana,Khan-Pereira
1025364,Ezra,Mam
1025365,Paul,Alamoti
1025367,Riley,Price
1025372,Jacob,Kiraz
1025373,Krystian,Mapapalangi
1025374,Leo,Thompson
1025375,Chris,Vea'ila
1025376,Mavrick,Geyer
1025377,Thomas,Jenkins
1025378,Preston,Riki
1025379,Zane,Bijorac
1025381,Brad,Morkos
1025383,Ronald,Volkman
1025384,Gordon,Chan Kum Tong
1025385,Sione,Fainu
1025386,Jamie,Humphreys
1025387,Alec,Tuitavake
1025388,Kaeo,Weekes
1025389,Kade,Dykes
1025391,Lachlan,Miller
1025392,Ryan,Rivett
1025393,Cole,Geyer
1025394,Jonah,Pezet
1025395,William,Warbrick
1025396,Tyran,Wishart
1025397,Jojo,Fifita
1025398,Tony,Francis
1025400,Thomas,Weaver
1025403,Valingi,Kepu
1025407,Brandon,Tumeth
1025408,Junior,Tupou
1026948,James,Schiller
1026949,Jesse,Colquhuon
1026950,Tom,Hazelton
1026951,Ethan,Quai-Ward
1026953,Dylan,Lucas
1026955,Austin,Dias
1026956,Alec,MacDonald
1026957,Sualauvi,Faalogo
1027395,Adrian,Trevilyan
1027753,Michael,Molo
1028073,Jacob,Alick
1028074,Elie,El-Zakhem
1028397,Tom,Chester
1028431,Kayal,Iro
1028432,Viliami,Fifita
1028444,Declan,Casey
1028445,Kurtis,Morrin
1028576,Trent,Peoples
1028577,Josiah,Karapani
1028578,Fonua,Pole
1028601,Ben,Talty
1028650,Zac,Fulton
1028652,Terrell,May
1028888,Ben,Lovett
1028889,Grant,Anderson
1028986,Robert,Derby
1029069,Jayden,Tanner
1029356,Harrison,Edwards
1029358,Justin,Matamua
1029383,Deine,Mariner
1029583,Raymond,Tuaimalo Vaega
1029629,Alfred,Smalley
1029653,Siua,Wong
1029654,Jeral,Skelton
1029732,Klese,Haas
1029923,Kitione,Kautoga
1029924,Oryn,Keeley
1030024,Joshua,Stuckey
1030035,Liam,Henry
1030036,Jack,Cole
1030037,Ativalu,Lisati
1030769,Jye,Gray
1030770,Tyrone,Munro
1030837,Blake,Mozer
1030839,Jacob,Preston
1030840,Isaiya,Katoa
1030841,Mason,Teague
1030842,Valynce,Te Whare
1030843,Joe,Chan
1030845,Sandon,Smith
1030846,Triston,Reilly
1031174,Taine,Tuaupiki
1031176,Kulikefu,Finefeuiaki
1031177,Niwhai,Puru
1031178,Kurt,Donoghoe
1031179,Keano,Kini
1031268,Tallis,Duncan
1031270,Karl,Oloapu
1031271,Toby,Couchman
1031440,Thomas,Cant
1031441,Iszac,Fa'asuamaleaui
1031442,Jahream,Bula
1032204,Toni,Mataele
1032205,Demitric,Sifakula
1032435,Samuela,Fainu
1032436,Jack,Bostock
1032437,Samuel,Stonestreet
1032438,Zac,Laybutt
1032905,Kruise,Leeming
1032957,Ali,Leiataua
1032958,Zyon,Maiu'u
1033155,Sione,Finau
1033195,Blake,Wilson
1033236,Hohepa,Puru
1033277,Aitasi,James
1033356,Thomas,Duffy
1033357,Israel,Leota
1033358,Benjamin,Te Kura
1033359,Dean,Matterson
1033439,Tallyn,Da Silva
1033440,Harrison,Graham
1033441,Max,Plath
1033442,Khaled,Rajab
1033528,Jesse,McLean
1033885,Ryan,Couchman
1034034,Josh,Feledy
1034175,Ethan,Strange
1034215,Utuloa,Asomua
1034216,Connor,Muhleisen
1034245,Trai,Fuller
1034246,Arthur,Miller-Stephen
1034247,Kit,Laulilii
1034355,Luke,Sommerton
1034419,Josiah,Pahulu
1034456,Joseph,O'Neill
1034485,Josh,Rogers
1034486,Keagan,Russell-Smith
1034487,Tristian,Powell
1034493,Jacob,Laban
1034495,Alex,Lobb
1034496,Riley,Jones
1034497,David,Armstrong
1034979,Caleb,Navale
1035287,Lazarus,Vaalepu
1035289,Bailey,Hayward
1035290,Joash,Papalii
1035291,Jordan,Samrani
1035293,Chevy,Stewart
1035294,Michael,Asomua
1035295,Morgan,Smithies
1035296,Noah,Martin
1035297,Vena,Patuki-Case
1035298,Arama,Hau
1035300,Jaylan,de Groot
1035304,Fletcher,Sharpe
1035305,Kai,Pearce-Paul
1035307,Paul,Bryan
1035308,Sebastian,Su'a
1035309,Will,Pryce
1035312,Marly,Bitungane
1035314,Jamal,Shibasaki
1035316,Kaiden,Lahrs
1035317,Charlie,Guymer
1035318,Ethan,Sanders
1035320,Sam,Tuivaiti
1035322,Harrison,Hassett
1035323,Isaiah,Iongi
1035324,Clayton,Faulalo
1035325,Lehi,Hopoate
1035327,Dylan,Egan
1035328,Hamish,Stewart
1035329,Jackson,Shereb
1035330,Savelio,Tamale
1035332,Liam,Ison
1035335,Blake,Steep
1035336,Ethan,Roberts
1035338,Mark,Nawaqanitawase
1035339,Robert,Toia
1035342,Dion,Teaupa
1035345,Liam,Le Blanc
1035346,Thomas,Fletcher
1035350,Selumiela,Halasima
1035351,Tanner,Stowers-Smith
1035353,Jordan,Miller
1035354,Lachlan,Galvin
1035355,Latu,Fainu
1035356,Solomon,Alaimalo
1035358,Tony,Sukkar
1035359,James,Walsh
1036046,Blaize,Talagi
1036251,Solomona,Faataape
1037472,Benaiah,Ioelu
1037473,Hugo,Savala
1037474,Harry,Hayes
1037475,Lachlan,Hubner
1037649,Max,McCathie
1037735,Adam,Christensen
1037736,Jaxon,Purdue
1037775,Matt,French
1037776,Bayleigh,Bentley-Hape
1037826,Ethan,King
1037858,Samuel,Healey
1037859,Trent,Toelau
1037940,Luron,Patea
1037941,Casey,Mclean
1037943,De La Salle,Va'a
1037945,Lipoi,Hopoi
1038119,Luke,Laulilii
1038120,Heath,Mason
1038295,Salesi,Foketi
1038296,Eli,Clarke
1038355,Matthew,Arthur
1038356,Jake,Tago
1038357,Jordan,Martin
1038396,Fletcher,Myers
1038397,Tom,Rodwell
1038398,Jack,Todd
1038425,Lorenzo,Mulitalo
1038426,Va'a,Semu
1038427,Kyle,McCarthy
1038747,Setu,Tu
1038815,Tim,Johannssen
1038816,Lyhkan,King-Togia
1038865,Jack,Underhill
1039041,Jed,Stuart
1039069,Coby,Williamson
1039095,Xavier,Va'a
1039096,Loko Jnr,Pasifiki Tonga
1039097,Jonothan,Sua
1039750,Matty,Nicholson
1039751,Mitchell,Woods
1039752,Carter,Gordon
1039754,Joey,Walsh
1039755,Moses,Leo
1039757,Cody,Hopwood
1039758,Francis,Manuleleua
1039759,Jermaine,McEwen
1039761,Lewis,Dodd
1040380,Owen,Pattie
1040381,Eddie,Ieremia-Toeava
1040440,Taylor,Losalu
1040441,Tristan,Hope
1040444,Luke,Smith
1040445,Ryley,Smith
1040592,Aublix,Tawha
1040909,Tyrone,Thompson
1041760,Angus,Hinchey
1041999,Sean,Mullany
1042212,Allan,Fitzgibbon
1042543,Tevita,Naufahu
1042603,Nathan,Lawson
1042604,Billy,Scott
1042605,Manaia,Waitere
1042713,Fletcher,Hunt
1042714,Josh,Patston
1042735,Zac,Lipowicz
1042736,Billy,Phillips
1042737,Connor,Votano
1042738,Toby,Rodwell
1042877,Elijah,Salesa-Leaumoana
1042878,Charlie,Murray
1043025,Nick,Tsougranis
1043026,Brock,Greacen
1043027,Wilson,De Courcey
1043029,Ryan,Gray
1043235,Jaxen,Edgar
1043405,Joe,Roddy
1043406,Jacob,Halangahu
1043407,Temple,Kalepo
1043409,Siulagi,Tuimalatu-Brown
1043410,Ben,Johnson
1043595,LJ,Nonu
1043598,Jethro,Rinakama
1043766,Nicholas,Lenaz
1043767,Ashton,Ward
1043797,Hayden,Buchanan
1043836,Simione,Laiafi
1044014,Sione,Fonua
1044015,David,Fale
1044017,Heamasi,Makasini
1044018,Cooper,Bai
1044024,Luke,Hanson
1044025,Kain,Anderson
1044788,Logan,Spinks
1044817,Morgan,Gannon
1045198,Zane,Harrison
1045202,Brian,Pouniu
1045259,Liam,Sutton
1045308,Cooper,Clarke
1045309,Preston,Conn
1045310,Teancum,Brown
1045311,Sialetili,Faeamani
1045312,Brent,Woolf
1045313,Lewis,Symonds
1045623,Latrell,Siegwalt
1045624,Hugo,Peel
1045625,Jett,Liu
1045880,Faaletino,Tavana
1045881,Oliver,Pascoe
1046053,Araz,Nanva
1046611,Kade,Reed
1046612,Antonio,Verhoeven
1046613,Apa,Twidle
1046708,Lorenzo,Talataina
1047957,Cameron,Bukowski
1047958,Saxon,Pryke
1047959,Jed,Reardon
1047960,Reece,Foley
1047961,Jordan,Uta
1047962,Kayliss,Fatialofa
1047963,John,Radel
1047964,Dayne,Jennings
1047965,Rex,Bassingthwaighte
1047966,Seb,Su'a
1047967,Makaia,Tafua
1047968,Jason,Salalilo
1047969,Coby,Black
1047970,Josese,Lanyon
